<?xml version="1.0"?>
<document>
	<header>
        <title>
	Apache Lucene - Mailing Lists
		</title>
	</header>
    <body>
       <section id="Java User List"><title>Java User List</title>
            <p>
              This list is for users of Java Lucene to ask questions, share knowledge,
              and discuss issues. <b>Do</b> send mail to this list with usage and configuration questions and problems.  Also, please
              send questions to this list to verify your problem before filing issues in JIRA.
            </p>
            <ul>
              <li><a href="mailto:java-user-subscribe@lucene.apache.org">Subscribe</a></li>
              <li><a href="mailto:java-user-unsubscribe@lucene.apache.org">Unsubscribe</a></li>
              <li><a href="http://mail-archives.apache.org/mod_mbox/lucene-java-user/">Official Archive</a>
              (<a href="http://mail-archives.apache.org/mod_mbox/jakarta-lucene-user/">Old Jakarta Archive</a>)</li>
            </ul>
        </section>
        <section id="Java Developer List"><title>Java Developer List</title>
            <p>
              This is the list where participating developers of the Java Lucene project meet
              and discuss issues concerning Lucene internals, code changes/additions, etc. Do not send mail to this list
              with usage questions or configuration questions and problems.
            </p>
          <p>
          	Discussion list:
            <ul>
            <li><a href="mailto:java-dev-subscribe@lucene.apache.org">Subscribe</a> -- <b>Do not send mail to this list
              with usage questions or configuration questions and problems.</b></li>
            <li><a href="mailto:java-dev-unsubscribe@lucene.apache.org">Unsubscribe</a></li>
            <li><a href="http://mail-archives.apache.org/mod_mbox/lucene-java-dev/">Official Archive</a>
            (<a href="http://mail-archives.apache.org/mod_mbox/jakarta-lucene-dev/">Old Jakarta Archive</a>)</li>
            </ul><br/>
            Commit notifications:
            <ul>
            <li><a href="mailto:java-commits-subscribe@lucene.apache.org">Subscribe</a></li>
            <li><a href="mailto:java-commits-unsubscribe@lucene.apache.org">Unsubscribe</a></li>
            <li><a href="http://mail-archives.apache.org/mod_mbox/lucene-java-commits/">Archive</a></li>
            </ul>
          </p>
        </section>
      <section id="Archives"><title>Mail Archives</title>
        <p>The Lucene Wiki maintains a list of searchable mailing list archives at <a href="http://wiki.apache.org/lucene-java/MailingListArchives">http://wiki.apache.org/lucene-java/MailingListArchives</a>.
        No endorsement is implied by the listing of an archive on the Wiki.</p>
      </section>
        <section id="Other Mailing Lists"><title>Other Mailing Lists</title>
            <p>Each Lucene project maintains its own mailing lists.  Please refer to the project you are interested in for details
                on subscribing to its mailing list.  For the Lucene TLP General mailing list, go <a href="http://lucene.apache.org/mail.html">here</a>.
            </p>
        </section>

</body>
</document>
