<message>
<header>
<field>
Return-Path: eryq@rhine.gsfc.nasa.gov</field>
<field>
Sender: john-bigboote</field>
<field>
Date: Thu, 11 Apr 1996 01:10:30 -0500</field>
<field>
From: Eryq &lt;eryq@rhine.gsfc.nasa.gov&gt;</field>
<field>
Organization: Yoyodyne Propulsion Systems</field>
<field>
X-Mailer: Mozilla 2.0 (X11; I; Linux 1.1.18 i486)</field>
<field>
MIME-Version: 1.0</field>
<field>
To: john-bigboote@eryq.pr.mcs.net</field>
<field>
Subject: test of double-boundary behavior</field>
<field>
Content-Type: multipart/mixed; boundary="------------299A70B339B65A93542D2AE"</field>
</header>
<multipart>
<preamble>
This is a multi-part message in MIME format.
</preamble>
<body-part>
<header>
</header>
<text-body name="double-bound-with-embedded_decoded_1_1.txt"/>
</body-part>
<body-part>
<header>
<field>
Content-Type: text/html; charset=us-ascii</field>
<field>
Content-Transfer-Encoding: 7bit</field>
<field>
Subject: [2] this should be text/html, but double-bound may mess it up</field>
</header>
<text-body name="double-bound-with-embedded_decoded_1_2.txt"/>
</body-part>
<body-part>
<header>
</header>
<text-body name="double-bound-with-embedded_decoded_1_3.txt"/>
</body-part>
<body-part>
<header>
<field>
Content-Type: text/html; charset=us-ascii</field>
<field>
Subject: [4] this should be text/html, but double-bound may mess it up</field>
</header>
<text-body name="double-bound-with-embedded_decoded_1_4.txt"/>
</body-part>
<body-part>
<header>
</header>
<text-body name="double-bound-with-embedded_decoded_1_5.txt"/>
</body-part>
<body-part>
<header>
<field>
Content-Type: text/html; charset=us-ascii</field>
<field>
Subject: [6] this should be text/html, but double-bound may mess it up</field>
</header>
<text-body name="double-bound-with-embedded_decoded_1_6.txt"/>
</body-part>
<body-part>
<header>
<field>
Content-Type: text/html; charset=us-ascii</field>
<field>
Subject: [7] this header is improperly terminated</field>
</header>
<text-body name="double-bound-with-embedded_decoded_1_7.txt"/>
</body-part>
<body-part>
<header>
<field>
Content-Type: text/html; charset=us-ascii</field>
<field>
Subject: [8] this body is empty</field>
</header>
<text-body name="double-bound-with-embedded_decoded_1_8.txt"/>
</body-part>
<body-part>
<header>
<field>
Content-Type: text/html; charset=us-ascii</field>
<field>
Subject: [9] this body also empty</field>
</header>
<text-body name="double-bound-with-embedded_decoded_1_9.txt"/>
</body-part>
<body-part>
<header>
<field>
Content-Type: message/rfc822; name="/evil/filename";</field>
</header>
<message>
<header>
<field>
From: (mailbox in US-ASCII)</field>
<field>
To: (address in US-ASCII)</field>
<field>
Subject: [10] an embedded message with broken headers</field>
</header>
<text-body name="double-bound-with-embedded_decoded_1_10_1.txt"/>
</message>
</body-part>
<body-part>
<header>
<field>
Content-Type: image/gif; name="3d-eye.gif"</field>
<field>
Content-Transfer-Encoding: base64</field>
<field>
Subject: [11] just an image</field>
</header>
<binary-body name="double-bound-with-embedded_decoded_1_11.bin"/>
</body-part>
<body-part>
<header>
<field>
Content-Type: message/rfc822; name="/evil/filename";</field>
</header>
<message>
<header>
<field>
From: (mailbox in US-ASCII)</field>
<field>
To: (address in US-ASCII)</field>
<field>
Subject: [12] another embedded message with broken headers</field>
</header>
<text-body name="double-bound-with-embedded_decoded_1_12_1.txt"/>
</message>
</body-part>
<epilogue>


</epilogue>
</multipart>
</message>
