<message>
<header>
<field>
Return-Path: eryq@rhine.gsfc.nasa.gov</field>
<field>
Sender: john-bigboote</field>
<field>
Date: Thu, 11 Apr 1996 01:10:30 -0500</field>
<field>
From: Eryq &lt;eryq@rhine.gsfc.nasa.gov&gt;</field>
<field>
Organization: Yoyodyne Propulsion Systems</field>
<field>
X-Mailer: Mozilla 2.0 (X11; I; Linux 1.1.18 i486)</field>
<field>
MIME-Version: 1.0</field>
<field>
To: john-bigboote@eryq.pr.mcs.net</field>
<field>
Subject: test of double-boundary behavior</field>
<field>
Content-Type: multipart/mixed; boundary="------------299A70B339B65A93542D2AE"</field>
</header>
<multipart>
<preamble>
This is a multi-part message in MIME format.
</preamble>
<body-part>
<header>
</header>
<body>
</body>
</body-part>
<body-part>
<header>
<field>
Content-Type: text/html; charset=us-ascii</field>
<field>
Content-Transfer-Encoding: 7bit</field>
<field>
Subject: [2] this should be text/html, but double-bound may mess it up</field>
</header>
<body>
&lt;p&gt;This message contains double boundaries all over the
place.  We want to make sure that bad things don't happen.

&lt;p&gt;One bad thing is that the doubled-boundary above can
be mistaken for a single boundary plus a bogus premature
end of headers.
</body>
</body-part>
<body-part>
<header>
</header>
<body>
</body>
</body-part>
<body-part>
<header>
<field>
Content-Type: text/html; charset=us-ascii</field>
<field>
Subject: [4] this should be text/html, but double-bound may mess it up</field>
</header>
<body>
&lt;p&gt;Hello?  Am I here?
</body>
</body-part>
<body-part>
<header>
</header>
<body>
</body>
</body-part>
<body-part>
<header>
<field>
Content-Type: text/html; charset=us-ascii</field>
<field>
Subject: [6] this should be text/html, but double-bound may mess it up</field>
</header>
<body>
&lt;p&gt;Hello?  Am I here?
</body>
</body-part>
<body-part>
<header>
<field>
Content-Type: text/html; charset=us-ascii</field>
<field>
Subject: [7] this header is improperly terminated</field>
</header>
<body>
</body>
</body-part>
<body-part>
<header>
<field>
Content-Type: text/html; charset=us-ascii</field>
<field>
Subject: [8] this body is empty</field>
</header>
<body>
</body>
</body-part>
<body-part>
<header>
<field>
Content-Type: text/html; charset=us-ascii</field>
<field>
Subject: [9] this body also empty</field>
</header>
<body>
</body>
</body-part>
<body-part>
<header>
<field>
Content-Type: message/rfc822; name="/evil/filename";</field>
</header>
<message>
<header>
<field>
From: (mailbox in US-ASCII)</field>
<field>
To: (address in US-ASCII)</field>
<field>
Subject: [10] an embedded message with broken headers</field>
</header>
<body>
</body>
</message>
</body-part>
<body-part>
<header>
<field>
Content-Type: image/gif; name="3d-eye.gif"</field>
<field>
Content-Transfer-Encoding: base64</field>
<field>
Subject: [11] just an image</field>
</header>
<body>
R0lGODdhKAAoAPMAAAAAAAAAzN3u/76+voiIiG5ubszd7v///+fn5wAAAAAAAAAAAAAAAAAA
AAAAAAAAACwAAAAAKAAoAAAE/hDJSau9eJbMOy4bMoxkaZ5oCkoD6L5wLMfiWns41oZt7lM7
VujnC96IRVsPWQE4nxPjkvmsQmu8oc/KBUSVWk7XepGGLeNrxoxJO1MjILjthg/kWXQ6wO/7
+3dCeRRjfAKHiImJAV+DCF0BiW5VAo1CElaRh5NjlkeYmpyTgpcTAKGiaaSfpwKpVQaxVatL
rU8GaQdOBAQAB7+yXliXTrgAxsW4vFabv8BOtBsBt7cGvwCIT9nOyNEIxuC4zrqKzc9XbODJ
vs7Y5ewH3d7Fxe3jB4rj8t6PuNa6r2bhKQXN17FYCBMqTGiBzSNhx5g0nEMhlsSJjiRYvDjw
E0cdGxQ/gswosoKUkmuU2FnJcsSKGTBjypxJsyaICAA7</body>
</body-part>
<body-part>
<header>
<field>
Content-Type: message/rfc822; name="/evil/filename";</field>
</header>
<message>
<header>
<field>
From: (mailbox in US-ASCII)</field>
<field>
To: (address in US-ASCII)</field>
<field>
Subject: [12] another embedded message with broken headers</field>
</header>
<body>
</body>
</message>
</body-part>
<epilogue>


</epilogue>
</multipart>
</message>
