<message>
<header>
<field>
Return-Path: &lt;omrec@mailandnews.com&gt;</field>
<field>
Received: from virtual.mrf.mail.rcn.net ([207.172.4.103])
          by mta05.mrf.mail.rcn.net
          (InterMail vM.4.01.02.27 201-229-119-110) with ESMTP
          id &lt;20000524184032.XKFS1688.mta05.mrf.mail.rcn.net@virtual.mrf.mail.rcn.net&gt;
          for &lt;eryq@mta.mrf.mail.rcn.net&gt;; Wed, 24 May 2000 14:40:32 -0400</field>
<field>
Received: from mail.desktop.com ([166.90.128.242])
	by virtual.mrf.mail.rcn.net with esmtp (Exim 2.12 #3)
	id 12ug50-00059f-00
	for eryq@zeegee.com; Wed, 24 May 2000 14:40:30 -0400</field>
<field>
Received: from mailandnews.com (jumpgate.desktop.com [166.90.128.243])
	by mail.desktop.com (8.9.2/8.9.2) with ESMTP id LAA31102
	for &lt;eryq@zeegee.com&gt;; Wed, 24 May 2000 11:40:29 -0700 (PDT)
	(envelope-from omrec@mailandnews.com)</field>
<field>
Message-ID: &lt;392C2385.4C402C55@mailandnews.com&gt;</field>
<field>
Date: Wed, 24 May 2000 11:46:29 -0700</field>
<field>
From: Sven &lt;omrec@mailandnews.com&gt;</field>
<field>
Reply-To: omrec@mailandnews.com</field>
<field>
X-Mailer: Mozilla 4.7 [en] (WinNT; I)</field>
<field>
X-Accept-Language: en</field>
<field>
MIME-Version: 1.0</field>
<field>
To: Eryq &lt;eryq@zeegee.com&gt;</field>
<field>
Subject: [Fwd: [Fwd: [Fwd: FW: Another Priceless  Moment]]]</field>
<field>
Content-Type: multipart/mixed;
 boundary="------------ABE49921AF9E83E8F9A7667E"</field>
<field>
X-Mozilla-Status: 8001</field>
</header>
<multipart>
<preamble>
This is a multi-part message in MIME format.</preamble>
<body-part>
<header>
<field>
Content-Type: text/plain; charset=us-ascii</field>
<field>
Content-Transfer-Encoding: 7bit</field>
</header>
<text-body name="frag_decoded_1_1.txt"/>
</body-part>
<body-part>
<header>
<field>
Content-Type: message/rfc822</field>
<field>
Content-Transfer-Encoding: 7bit</field>
<field>
Content-Disposition: inline</field>
</header>
<message>
<header>
<field>
Received: from mail.vynce.org [63.198.43.13] (vynce@vynce.org); Tue, 23 May 2000 22:00:16 -0400</field>
<field>
X-Envelope-To: omrec</field>
<field>
Received: from vynce.org (166.90.128.243) by mail.vynce.org
 with ESMTP (Eudora Internet Mail Server 1.3.1); Tue, 23 May 2000 19:05:52 -0700</field>
<field>
Message-ID: &lt;392B389A.1968998B@vynce.org&gt;</field>
<field>
Date: Tue, 23 May 2000 19:04:10 -0700</field>
<field>
From: Vynce &lt;vynce@vynce.org&gt;</field>
<field>
Organization: Desktop.com</field>
<field>
X-Mailer: Mozilla 4.61 [en] (Win98; U)</field>
<field>
X-Accept-Language: en</field>
<field>
MIME-Version: 1.0</field>
<field>
To: omrec@mailandnews.com</field>
<field>
Subject: [Fwd: [Fwd: FW: Another Priceless  Moment]]</field>
<field>
Content-Type: multipart/mixed;
 boundary="------------4CEB5E448DC077F35050C4BE"</field>
<field>
X-Mozilla-Status2: 00000000</field>
</header>
<multipart>
<preamble>
This is a multi-part message in MIME format.</preamble>
<body-part>
<header>
<field>
Content-Type: text/plain; charset=us-ascii</field>
<field>
Content-Transfer-Encoding: 7bit</field>
</header>
<text-body name="frag_decoded_1_2_1_1.txt"/>
</body-part>
<body-part>
<header>
<field>
Content-Type: message/rfc822</field>
<field>
Content-Transfer-Encoding: 7bit</field>
<field>
Content-Disposition: inline</field>
</header>
<message>
<header>
<field>
Return-Path: &lt;jasonc@snesystems.com&gt;</field>
<field>
Received: from iglou.com (192.107.41.3) by mail.vynce.org
 with SMTP (Eudora Internet Mail Server 1.3.1); Thu, 18 May 2000 16:10:02 -0700</field>
<field>
Received: from [204.255.234.19] (helo=ntserver2.snesystems.com) 
	by iglou.com with esmtp (8.9.3/8.9.3)
	id 12sZKw-0007JK-00; Thu, 18 May 2000 19:04:15 -0400</field>
<field>
Received: from snesystems.com (sne-30.snesystems.com [204.255.234.30]) by ntserver2.snesystems.com with SMTP (Microsoft Exchange Internet Mail Service Version 5.5.2650.21)
	id LGJH8AYQ; Thu, 18 May 2000 19:03:40 -0400</field>
<field>
Sender: root@mail.vynce.org</field>
<field>
Message-ID: &lt;39247724.AF25EF83@snesystems.com&gt;</field>
<field>
Date: Thu, 18 May 2000 19:05:08 -0400</field>
<field>
From: root &lt;jasonc@snesystems.com&gt;</field>
<field>
Reply-To: jasonc@snesystems.com</field>
<field>
Organization: SNE Systems, Inc.</field>
<field>
X-Mailer: Mozilla 4.72 [en] (X11; I; Linux 2.2.12-20 i686)</field>
<field>
X-Accept-Language: ja, en</field>
<field>
MIME-Version: 1.0</field>
<field>
To: vynce@vynce.org</field>
<field>
Subject: [Fwd: FW: Another Priceless  Moment]</field>
<field>
Content-Type: multipart/mixed;
 boundary="------------8B533A82922407D7C3D35A99"</field>
<field>
X-Mozilla-Status2: 00000000</field>
</header>
<multipart>
<preamble>
This is a multi-part message in MIME format.</preamble>
<body-part>
<header>
<field>
Content-Type: text/plain; charset=us-ascii</field>
<field>
Content-Transfer-Encoding: 7bit</field>
</header>
<text-body name="frag_decoded_1_2_1_2_1_1.txt"/>
</body-part>
<body-part>
<header>
<field>
Content-Type: message/rfc822</field>
<field>
Content-Transfer-Encoding: 7bit</field>
<field>
Content-Disposition: inline</field>
</header>
<message>
<header>
<field>
Received: by ntserver2 
	id &lt;01BFC0CA.C31F7A10@ntserver2&gt;; Thu, 18 May 2000 09:12:47 -0400</field>
<field>
Message-ID: &lt;01D476341BDBD211B7C500A0CC209BA03DF5C6@ntserver2&gt;</field>
<field>
From: Shawn Morgan &lt;ShawnM@snesystems.com&gt;</field>
<field>
To: Wayne Price &lt;WayneP@snesystems.com&gt;, Tim Spayner &lt;TimS@snesystems.com&gt;, 
	Gary Jones &lt;Garyj@snesystems.com&gt;, Jason Chelliah &lt;JasonC@snesystems.com&gt;</field>
<field>
Subject: FW: Another Priceless  Moment</field>
<field>
Date: Thu, 18 May 2000 09:12:47 -0400</field>
<field>
MIME-Version: 1.0</field>
<field>
Content-Type: multipart/mixed;
	boundary="----_=_NextPart_000_01BFC0CA.C32A4450"</field>
</header>
<multipart>
<preamble>
This message is in MIME format. Since your mail reader does not understand
this format, some or all of this message may not be legible.
</preamble>
<body-part>
<header>
<field>
Content-Type: text/plain;
	charset="iso-8859-1"</field>
</header>
<text-body name="frag_decoded_1_2_1_2_1_2_1_1.txt"/>
</body-part>
<body-part>
<header>
<field>
Content-Type: image/jpeg;
	name="aprilfools.jpg"</field>
<field>
Content-Transfer-Encoding: base64</field>
<field>
Content-Disposition: attachment;
	filename="aprilfools.jpg"</field>
</header>
<binary-body name="frag_decoded_1_2_1_2_1_2_1_2.bin"/>
</body-part>
<epilogue>
</epilogue>
</multipart>
</message>
</body-part>
<epilogue>

</epilogue>
</multipart>
</message>
</body-part>
<epilogue>

</epilogue>
</multipart>
</message>
</body-part>
<epilogue>

</epilogue>
</multipart>
</message>
