<message>
<header>
<field>
Date: Thu, 6 Jun 1996 15:50:39 +0400 (MOW DST)</field>
<field>
From: Starovoitov Igor &lt;igor@fripp.aic.synapse.ru&gt;</field>
<field>
To: eryq@rhine.gsfc.nasa.gov</field>
<field>
Subject: Need help</field>
<field>
MIME-Version: 1.0</field>
<field>
Content-Type: MULTIPART/MIXED; BOUNDARY="-490585488-806670346-834061839=:2195"</field>
</header>
<multipart>
<preamble>
  This message is in MIME format.  The first part should be readable text,
  while the remaining parts are likely unreadable without MIME-aware tools.
  Send mail to mime@docserver.cac.washington.edu for more info.
</preamble>
<body-part>
<header>
<field>
Content-Type: TEXT/PLAIN; charset=US-ASCII</field>
</header>
<text-body name="multi-igor_decoded_1_1.txt"/>
</body-part>
<body-part>
<header>
<field>
Content-Type: TEXT/PLAIN; charset=US-ASCII; name=Makefile</field>
<field>
Content-Transfer-Encoding: BASE64</field>
<field>
Content-ID: &lt;Pine.LNX.3.91.960606155039.2195B@fripp.aic.synapse.ru&gt;</field>
<field>
Content-Description: Makefile</field>
</header>
<text-body name="multi-igor_decoded_1_2.txt"/>
</body-part>
<body-part>
<header>
<field>
Content-Type: TEXT/PLAIN; charset=US-ASCII; name="multi-nested.msg"</field>
<field>
Content-Transfer-Encoding: BASE64</field>
<field>
Content-ID: &lt;Pine.LNX.3.91.960606155039.2195C@fripp.aic.synapse.ru&gt;</field>
<field>
Content-Description: test message</field>
</header>
<text-body name="multi-igor_decoded_1_3.txt"/>
</body-part>
<body-part>
<header>
<field>
Content-Type: TEXT/PLAIN; charset=US-ASCII; name="Parser.n.out"</field>
<field>
Content-Transfer-Encoding: BASE64</field>
<field>
Content-ID: &lt;Pine.LNX.3.91.960606155039.2195D@fripp.aic.synapse.ru&gt;</field>
<field>
Content-Description: out from parser</field>
</header>
<text-body name="multi-igor_decoded_1_4.txt"/>
</body-part>
<epilogue>
</epilogue>
</multipart>
</message>
