<message>
<header>
<field>
Content-type: message/rfc822</field>
<field>
Content-transfer-encoding: base64</field>
<field>
Subject: a multipart message/rfc822 which has been base64-encoded</field>
</header>
<message>
<header>
<field>
Return-Path: eryq@rhine.gsfc.nasa.gov</field>
<field>
Sender: john-bigboote</field>
<field>
Date: Thu, 11 Apr 1996 01:10:30 -0500</field>
<field>
From: Eryq &lt;eryq@rhine.gsfc.nasa.gov&gt;</field>
<field>
Organization: Yoyodyne Propulsion Systems</field>
<field>
X-Mailer: Mozilla 2.0 (X11; I; Linux 1.1.18 i486)</field>
<field>
MIME-Version: 1.0</field>
<field>
To: john-bigboote@eryq.pr.mcs.net</field>
<field>
Subject: Two images for you...</field>
<field>
Content-Type: multipart/mixed; boundary="------------299A70B339B65A93542D2AE"</field>
</header>
<multipart>
<preamble>
This is a multi-part message in MIME format.
</preamble>
<body-part>
<header>
<field>
Content-Type: text/plain; charset=us-ascii</field>
<field>
Content-Transfer-Encoding: 7bit</field>
</header>
<text-body name="multi-2gifs-base64_decoded_1_1_1.txt"/>
</body-part>
<body-part>
<header>
<field>
Content-Type: image/gif</field>
<field>
Content-Transfer-Encoding: base64</field>
<field>
Content-Disposition: inline; filename="3d-compress.gif"</field>
</header>
<binary-body name="multi-2gifs-base64_decoded_1_1_2.bin"/>
</body-part>
<body-part>
<header>
<field>
Content-Type: image/gif; name="3d-eye.gif"</field>
<field>
Content-Transfer-Encoding: base64</field>
</header>
<binary-body name="multi-2gifs-base64_decoded_1_1_3.bin"/>
</body-part>
<epilogue>
That was a multi-part message in MIME format.
</epilogue>
</multipart>
</message>
</message>
