<message>
<header>
<field>
Return-Path: &lt;support@webmail.uwohali.com&gt;</field>
<field>
Received: from virtual.mrf.mail.rcn.net ([207.172.4.103])
          by mta02.mrf.mail.rcn.net
          (InterMail vM.4.01.02.27 201-229-119-110) with ESMTP
          id &lt;20000425112650.ZPUD516.mta02.mrf.mail.rcn.net@virtual.mrf.mail.rcn.net&gt;
          for &lt;eryq@mta.mrf.mail.rcn.net&gt;; Tue, 25 Apr 2000 07:26:50 -0400</field>
<field>
Received: from [205.139.141.226] (helo=webmail.uwohali.com ident=root)
	by virtual.mrf.mail.rcn.net with esmtp (Exim 2.12 #3)
	id 12k3VX-00012G-00
	for eryq@zeegee.com; Tue, 25 Apr 2000 07:27:59 -0400</field>
<field>
Received: from webmail.uwohali.com (nobody@localhost [127.0.0.1])
	by webmail.uwohali.com (8.8.7/8.8.7) with SMTP id GAA10264
	for &lt;eryq@zeegee.com&gt;; Tue, 25 Apr 2000 06:34:43 -0500</field>
<field>
Date: Tue, 25 Apr 2000 06:34:43 -0500</field>
<field>
Message-Id: &lt;200004251134.GAA10264@webmail.uwohali.com&gt;</field>
<field>
From: "ADJE Webmail Tech Support" &lt;support@webmail.uwohali.com&gt;</field>
<field>
To: eryq@zeegee.com</field>
<field>
Subject: mime::parser</field>
<field>
Content-type: multipart/mixed; boundary="---------------------------7d033e3733c"</field>
<field>
Mime-Version: 1.0</field>
<field>
X-Mozilla-Status: 8001</field>
</header>
<multipart>
<preamble>
</preamble>
<body-part>
<header>
<field>
Content-Type: text/plain</field>
</header>
<body>
Eryq -

I occasionally receive an email (see below) like this one, which
MIME::Parser does not parse.  Any ideas?  Is this a valid way to send
an attachment, or is the problem on the "sender's" side?  Thanks for
your time!

   Mike

--&gt;&gt; Promote YOUR web site!  FREE Perl CGI scripts add WEB ACCESS to your
--&gt;&gt; E-Mail accounts! Download today!! http://webmail.uwohali.com
</body>
</body-part>
<body-part>
<header>
</header>
<body>
Here's what he's talking about.  I've uuencoded the ZeeGee
logo and another GIF file below.

begin 644 up.gif
M1TE&amp;.#=A$P`3`*$``/___P```("`@,#`P"P`````$P`3```"1X2/F&lt;'MSTQ0
M%(@)YMB\;W%)@$&lt;.(*:5W2F2@&lt;=F8]&gt;LH4P[7)P.T&amp;NZI7Z,(&amp;JF^@B121Y3
4Y4SNEJ"J]8JZ:JTH(K$"/A0``#L`
`
end

begin 644 zeegee.gif
M1TE&amp;.#=A6P!P`/&lt;```````@("!`0$#D`(3D`*4(`*1@8&amp;$H`*4H`,5(`,5(`
M.5H`,2$A(5H`.5((,6,`.6,`0EH(.6L`0F,(.6,(0BDI*5H0.6L(0FL(2F,0
M.6,00G,(2C$Q,4(I,6L02GL(4G,04G,02FL80H0(4H0(6E(I.7,80HP(6CDY
M.6LA0D(Y.90(6I0(8XP06G,A2H084H086I008U(Y0GLA4D)"0G,I2H0A2G,I
M4H0A4H0A6H0I4I0A8TI*2FLY4GLQ6G,Y4I0I8U)24F-*4EI22I0Q8Y0Q:YPQ
M:Y0Y6I0Y8X1"6I0Y:UI:6HQ"6H1*8Z4Y&lt;YQ"8XQ*:ZTY:Y1*8YQ"&gt;V-C8WM:
M8Z5"&lt;Y12:Z5*:WMC8ZU*:VMK:ZU*&lt;ZU*&gt;X1C:Y1:&lt;WMK:Z52&gt;ZU2&lt;Z5::[52
M&lt;W-S&lt;XQK:ZU:&lt;ZU:A+5:A*UC&lt;XQS&lt;ZUC&gt;WM[&gt;Y1S&lt;ZUCA)QS&lt;ZUK&gt;[UC&gt;XQ[
M&gt;YQS&gt;[5K&gt;[UCE)Q[&gt;X2$A+UKA)Q[E*5[&gt;[UKC*5[A*5[E)R$&gt;[USC*5[G-YC
MC(R,C*U[G*6$A,YKE+U[C*V$A+5[G,YSC*V$C+5[I=YKE)24E*V,C+6$I;V$
MI;6,C+6,E-9[G+V,C*V4C+V,E-Y[E-Y[G)R&lt;G-Z$E+V4E,:4E,:4G-:,G*6E
MI&gt;&gt;$I;V&lt;G,Z4G-:4G.^$K&lt;:&lt;G-:4I=Z,M=Z,O&lt;Z&lt;G,Z&lt;I=Z4I;VEI&gt;^,I:VM
MK&lt;:EI&lt;ZEI&gt;&gt;4O&gt;^4M=:EI=:EK&gt;&gt;&lt;K;6UM=ZEK=ZEI=ZEM?&gt;&lt;I&gt;&gt;EK?&gt;&lt;K=:M
MK&gt;&gt;EM=ZMK&gt;&gt;EO=ZMM&gt;^EK?^&lt;M?^&lt;O;V]O&gt;^EO?^&lt;QN&gt;MK&gt;&gt;MM&gt;^ESO&gt;EO?^E
MO&gt;^MO?^EQN&gt;UM?^ESO&gt;MQL;&amp;QN^UM=Z]M&gt;^UO?^MO?&gt;UO&gt;&gt;]O&gt;^]O?^USO^U
MQO&gt;]O&lt;[.SN?&amp;O?&gt;]QO^]QO^]SO?&amp;QO^]WO?&amp;SM;6UO_&amp;QO_&amp;SO_&amp;WO_&amp;Y__.
MSN_6SO_.UM[&gt;WO_.WO_6UO_6WO_6Y^?GY__&gt;WO_&gt;Y__GWO_GY__G[__G]^_O
M[__O[_?W]__W]__W_____RP`````6P!P``&lt;(_P#_"1Q(L*#!@P@3*ES(L*'#
MAQ`C2IQ(L:+%BQ@S:I08J:-'2"!#BAP9DI')1(12JES)LF6@ES!C^IE)L^9,
M/3ASZE2XH:?/GAB"8KA`M"B%HT@A*(7PH('3IU`;*)BJ(('5JPBR:M5ZH&amp;N!
MKV#!$AA+8(#9LSQ__A0ZM"A1I$F7-HT:E6K5JUBW&lt;O4:-BS9LF&lt;'I%7KDVU;
MHW"/RIU+]RE5O'GU9N7;5RQ9M`D_$%;+UNW;Q$N9-H9J%W("R7L/5+8\UJS"
M#YHW%Q;J^4)B"J$9CRYM&amp;C6"KJI7%_@K.#-LV;-IN[V-6ZGNW5--G_9-&gt;379
MU["/(]_0V3-SN:,=/_^&amp;[/MW];YCL6&gt;/C;S[&lt;M#@PTL=3QXU&lt;.'#U:_?SMW]
M9_BBR3??7?79%]QJ^JW'GFS^_1&gt;7&lt;P+R5J!&gt;]U66H(+\-6C;;?&amp;%)R%&gt;U)U7
M@$(C*(CA=H9YQR&amp;$$4;76XA]D5BBB?NAJ-Q[&lt;.76HHL@9I5`!M.9=Z",,]*H
M77LW(I9CA]#Q:)4-9#22R2:*".+"9'P1.4*1-&amp;;8X'?./4?78PM$T8@K=4A1
M@P4U,*$($WN-F!`)6]9I9'9&gt;!E7;BBQZJ(`5I6RBA@B1I7"(!7LI1`*==7+9
MI8UZJKADGXV]4`HQ9U@@759()+'5`8HNVJBC)N89J9*3BMG``W8\H\@,]('_
MB$,3&gt;H6Z**-VWKG@9AJ"&amp;:!3+\CBRA/B.6F5!F_4FM`)MXK:J*Z[$M8K@`%:
M$4TC)M05JU6'*(O0"&lt;PV.RJI-2*9Y(8`2F!(-'),T"1&gt;$&gt;01)`(*@1NNN,_J
M:NJ&gt;H+VP##'$RL=;!F/D5:^]]SJ;ZYW[2GH4$&gt;2$&lt;L.O35;E`A,@'HQPL[@N
M_*BYI_XW!3F8&gt;,!DDTBD`)G&amp;&amp;W,\*K0-NV4'.89XH-C)8RKP!*%XL8QPPAV3
M6RZ#21HB#AO4JDJ:&amp;!D0F(#//[O\,L.0ZHG*-EB@FZK2#5R`!7T*L?!SU%)[
M_#'1&amp;,BRC1(X/DAQ`Q'H@(48+@Q85=ABC]WRK5-3_[U=*MP4P&gt;^DO]90BSWW
MW*.+!G;CS&lt;(*&gt;MM;]I8P(W=U$&gt;?ZVI0&amp;M'S#3C_WL+/*`DY-Y3@+&gt;4?.&lt;="5
MJW6U$?V%[."#7[3B2S7L?).-+S&lt;X=CKJD4N.K]GKP0`$%UQT@3PJZ&lt;`.U+E:
MWPS!&amp;G]8(@HLL+1BR0]0_8XZY,%/3CEL.Z3!BC7KM*.^^NJD$XPSGZ"10^RR
M?^=%%F"L,&lt;?^8)30?4*H"Z``@P&gt;TCL$@#;Q81_K@P&lt;`&amp;RB,=QV!@.Q3X"S2`
M8%IP:8(02C`$(0AA""5(P/\0(L`2IDYUXH*!';"A0/4UL('O4$&lt;$7SC!=8`#
M$!&gt;47?0\4`49J."'*G!`5/_J94(!@@^%BWJ#-&lt;[1PG:\,![Q&gt;$&lt;^@@'%&gt;-!0
M@&gt;C`QAF^!!&lt;/_$`&amp;'&gt;B`$(&gt;XK!.LH(@!)"`)@'"*;IP#'2U\(3SBD0YYS***
M5KSB.LX!CD_D`'IPT4(*(L`DC9T1C2?\612@X48FQI&amp;&amp;\CC&amp;._`HQQJB@X_4
M4`(@*:"#)$CO5SY#9"+!E09&amp;@N.-"EQ@`]NA#F2L@Y*53.4YSM$-:H3A2V(0
MP=8:`+5#HA%A&gt;8"&amp;-;HQ#E0^$A[M(`&lt;SRB''9M9P'9&lt;$1S&gt;@P0;_X$`*?&amp;(*
MU,PH2E(F`QK:(*8QT^=$&gt;&amp;Q#&amp;N!H9B6?&amp;&lt;UN6`,:M[P1&amp;4(0O&gt;8H99O@$F47
M@*'_#&amp;J$LYCC5!\WEH$-==*0G;.4IC:@`0Q-L@4'1T!57/`)+E\*T`FX``8T
M_-F-4XYS'=R0QC#*6&lt;55KB^5T$QH-Q::C%/H('9DT(##D*(H`EJ4!3$812TT
MRE%P`!2.ZPB'-&amp;SAQ'C0XQ[XN$&lt;]Z(%,E&amp;)QEN-0*#24`8Q+A(`[.V#"821*
M@5`1\`0"Y`,M=KI1:X33HV\4QS-F&lt;0XGU@,?_A#(/N[!5*=&gt;4J7:&gt;"=5:3&amp;&amp;
MGIS!`YF#BZV^BKH=T&amp;*L_!1F.#LZRW,TPQ8L;`&lt;]\%&amp;0?-0#'JE$QUWYV(V5
MZA48M/`$"(QPA!1)RE:+LBD@8G'8Q%+#K)T]93.:P0LX_\*C'OTP"#[B`&lt;W-
M&lt;M:SU&amp;`H:%41!SDD9ZN?(1''@K&lt;#5:QB%;0`AFMAVXUK/(,5LT2'9'-;D'M@
MMK'GB&amp;IG\QI&lt;JN*"%JK@Q$N/B]RN)J1.S8K&lt;&amp;U3A7,1JM*S:P,8S/@$.C[[R
M'G$=2#Z8&gt;LEQB'&gt;\U@BN&lt;`^KBDY&lt;05KGTM)R$=:"3IC"%*I@K72_6=9BA((:
ML06'=N-QCWV8&gt;!]UY:,TQTM&gt;:$`C&amp;&lt;`X;RQ,P0E$\"I)6AK!A,'E!$YXXL+0
MC2XP.$R,69Q"&amp;TB.+1/+*&lt;$]KGBE&gt;4VPBV$,6O326!(^N+%R7C.J'&lt;&gt;!$YRP
M&lt;'V%#(Q&gt;%.,0U'BM61?KT_!"=?_%2(ZR@I5!Y&lt;.N0A6&gt;X,0CFH`V/6%G7,L]
M!)C#C&amp;'61G&lt;8R`"$,EQ&lt;5FNL.&lt;Z0CK*4&amp;4U5Z1XV%JJ@,2&lt;6`8&gt;JZ:?+MX*!
M)"9Q"3#_.,.TR$4Q*)$+?BZ:T1M-&lt;W!E+6M83U6ZEJ8%IDV19TD@`@Y7-=&gt;%
M0%T$21A;$J8N]"YF&lt;0E&lt;2U&lt;9K[:UM%T,;6?7XM*9SC,G)%$(.,PO0\/NLA*.
M;&gt;QDLZ(8=3CL3IT-#&amp;%`&amp;]KN?K&lt;RA,%N8%S;SMD&amp;LR06L0&lt;X^.!(LKD0;$9U
MA4&lt;\8A&amp;+*#&lt;G1E&amp;,/*!:W&gt;NNM\2M?5A=WYG7^O;U'&lt;SP;X`31N`#KU/!%X&amp;(
MDI&gt;[%YG_J`1]5V%HB-?"%\#PA&lt;QACNM:V+SB%J&lt;OQK?MZSW0P0P]&amp;)I:0)Z=
M+8V\$'TH1,))40PS^!C#SF4YSJ=.]8K'(A9WSK0I.I%Q1!3B#F[P0M!/-/2$
M]$17(X#"P??`]D)(HAEUF`28._%CJ#_WZGB?.MZQGO4+[_P2QO9ZO\V0A;&amp;3
MW2&gt;#T97:%W&amp;'QN\!Y7M0&gt;++]3M^5/_?RE=?YA3W!]8P_0O!T&lt;`,8JN`"(Y7=
M(OQ(O&gt;I7S_K6N_[UL(?]1A32&gt;GW$_O:XSST_9D][U=M&gt;]ZLO"/!?S_O&gt;\^/W
MPU_(\%5?_(',0Q\$\?WR$&lt;(/=\SC^0))OD4&amp;P8#N&gt;]_[CG!'__2/O_S=%\08
M/!```-8?`!08XQ_`OT@;UD__^FO"_`,A__3S3X7Z&amp;Z#^2X!\L8&lt;1Y@`*!FB`
MFA```,``YF`0YB=[^&lt;=\V&lt;&lt;#Z\&lt;!H.`._#`/T]!_`+`$Q)=]^+&lt;1&gt;+!^CE`0
MW@`*FG"!U]=Z_U"`FJ`)&amp;)AZ`U$&amp;ZX&lt;'$9AZMZ"`K]!ZT_""H`!]PG=]/9B"
M0.@0\Z"`/#`/`^$.*%!_`!`$WA"#J&gt;&lt;.%%A_/.`-0.@."K@%XZ=Z\V!]7F@,
M'%!_`4`%^*&lt;/YF`,30B`1;@02P```G`+`^$-Z@&lt;`!L`#_V&gt;'MQ"#YI"'=^B'
MM[![(R@`^'=[\_`*"FB'&gt;+A^%0!]_/]P@G7(`#S``.O'`&amp;V($-.P?EOP@)3(
M`=XP$--0`0#``&lt;9@&gt;Z*(`MZ@&gt;MXPAA6`@11(!=D'?_`7@O"G#].@?CQ@#JIW
MBT_8@L:`B^(G$(Z`BPPABA7PB0*A"788C,ZG?GC@#LIHB06A#_\W"/PPAGC@
MA&gt;ZPC=RXC&gt;;PA?V'`LRW&gt;[&gt;P?FG8?QP0@OPP@@#0@`GA""1($$$``#SP@O;X
M@C0``#3@#?,8!/=HC_G(`_S0A&amp;6@&gt;J_@A/77!N9`B5OPCYK@")0X"+=`B53@
M"/\(D0`P"`FA#[BHA`,QA@A9?Q5@#B`9DA7(#V](`[]7CB;Y"MY@DO6W!0&lt;)
MD^M7!@G1?W'_6!!-6`$HL`14\)-`N01M,)`+&amp;`1+&lt;)1(&gt;91#J8P!D(K'UXWN
MD(;J]X7KQP-'"914&lt;)6O,)-!@)59J968J(FTN`7T.`W,*'QDF8NL%WT&lt;28\"
MZ'OSZ('\0(GW1Q#Z,`_F-PW_IPG19PZ7:!!CR`%G*1`L"0K?.!#ZD)6ZF(D`
M``K/9WZ)N00QJ(Q/B)&gt;KIP]O*`"ZN(X+Z)'_&lt;)&gt;OX),"\8;2^)E1J0FB&gt;1"@
M```!L(=0.0W3,(\!H)"I9PRG.!"RV08Q.)$`((ZJ-W]P6`:O8`Z:4`9Y&amp;(BI
M1XT+N(/\8`YXH(`V^)G_QP"EJ`_&gt;T`;0B1#`&amp;9*TF8^L:0"1Z)GZ_["&amp;`0"&gt;
ME6B9JN&lt;(B&gt;B$##`-P=&gt;'ZR&lt;`!I"(2T`0=!B?\[E^L(@0$/E]WF&lt;`=?D/@Y"'
M&lt;+@%E\@/;5"'!?J6J3&lt;/;8`"!A"A0?"#P2&lt;0\[`$ZUD!?%D0\Q`$&amp;;JA$J&amp;.
M&amp;HB7"=&amp;&lt;QN`.#*I[!W&amp;7T^"9*^H.+1H1OX=]$G%]-ZBBS;&lt;0&amp;-E^QN"7$-$&amp;
M_Z&gt;$H-"&gt;LSB`.&lt;H09(D"FH"=`G"B#T&amp;#/%""_Z",TW"D&amp;#$/"UBE_V`,`$`%
M[^&lt;0`E`!!*&amp;,7SI[M)A_$7&amp;09&lt;",%&lt;`!;&lt;@/K_""U;E[U?&gt;$VQB%([B'7QB"
M:!A]*)I_M_""@3@/AQF%U@&lt;*GYB!MNB#[O^H$.7H"%@H$-9'$*"@H`!0`;&gt;@
MA.Q(?V19?PP0`"[*`Z"ZA`!@D_P`"@2ZG!#Z#WJ)`I28C1JXAO07!']IEP'@
MB&lt;^G#VU(@T'0HO-P"Z+H"'YYA*TX#R?8?V4`"N6HD0*A#PH("@,!CZDX"*.8
MJ8?XJ=VWI?^WCW&gt;9@P!Z?&gt;XP@J6)$(@8`$N@@AY9CEP8?:)Z"]`G`.DX$,HH
MA_]0`31@?DP9!-E'`PRPI?K(IZ+8K[\8`-"G#^[0?2[Z#R.XGPGAH)0H`&amp;5@
M#@U(`TUI$,[*`^('K_AWD/3ZG,'(`Q6P!83X#UC:!OK@H7]YD&amp;+ZBS0@J=1*
MKP3A#A40`&amp;=Z$*__0(F]J@^C.)@"$00&amp;\'X&amp;4`$;"P"O(*D92;(!@`=&lt;^G[*
M:`[N(`#Z:A#F$*;_&lt;`L"4)];ZJ%."Y7A"@!ENJ)`.`]CZ`B9&amp;`0\^P_S5Z5!
M6X0'6;0"P0$""8_B%P";"+(D"P!M&lt;!#SP`!B:K58RYLT":T'X0V:X*0"L9I!
M@*5+T*@$L04T^P]!.[1N*Z`!8`X\P`&amp;CV8I)*Q!EN*(,@+F(N)][RP#75[K7
M%X4D&gt;A#*.)SF5XXVR0$,F+#_((D"80`,(+G.A[&lt;!P*P'.7_!2`,&amp;X("9B+F@
MT+D"T7\)^X7;F!#NT*5.NWMD*7YJ"H8#\;*U.ZYM2Q`H,)79%P#P.A"KQ\FL
MLZ@/8X@"_U"\ZXJT6`M_7^@-!A"U"/&amp;&amp;6Q"%\Y&gt;WQ^N\CCA_#-M]^%&gt;.D_L/
M\&amp;B^`T&amp;!4BH0%%@&amp;OS&lt;-3=A^4PH`Z7N^'2A^U:&lt;)#&amp;``LAM]\\BI!3%_Y9F?
MFS@0;4H0Y0BS=UO`#&gt;RB*/F=_R&lt;`J&amp;J^+VF3!(&amp;(=FB&gt;*'#!!G&amp;"FL"X2]@&amp;
M61FQ!?$*7SL//_C#;:@/_SN'6_"3@P!]M_"EB.J`@_"36T#"5EK%5GS%6)S%
36KS%7-S%7OS%8!S&amp;8IP1`&lt;$`.P``
`
end



</body>
</body-part>
<epilogue>


</epilogue>
</multipart>
</message>
