<?xml version="1.0"?>

<document>
    <header>
        <title>
            Apache Lucene - Index File Formats
        </title>
    </header>

    <properties>
        <authors>
            <person email="cutting@apache.org" name="Doug Cutting"/>
        </authors>
    </properties>

    <body>
        <section id="Index File Formats"><title>Index File Formats</title>

            <p>
                This document defines the index file formats used
                in Lucene version 2.1. If you are using a different
                version of Lucene, please consult the copy of
                <code>docs/fileformats.html</code>
                that was distributed
                with the version you are using.
            </p>

            <p>
                Apache Lucene is written in Java, but several
                efforts are underway to write
                <a href="http://wiki.apache.org/jakarta-lucene/LuceneImplementations">versions
                    of Lucene in other programming
                languages</a>.  If these versions are to remain compatible with Apache
                Lucene, then a language-independent definition of the Lucene index
                format is required.  This document thus attempts to provide a
                complete and independent definition of the Apache Lucene 2.1 file
                formats.
            </p>

            <p>
                As Lucene evolves, this document should evolve.
                Versions of Lucene in different programming languages should endeavor
                to agree on file formats, and generate new versions of this document.
            </p>

            <p>
                Compatibility notes are provided in this document,
                describing how file formats have changed from prior versions.
            </p>

            <p>
                In version 2.1, the file format was changed to allow
                lock-less commits (ie, no more commit lock). The
                change is fully backwards compatible: you can open a
                pre-2.1 index for searching or adding/deleting of
                docs. When the new segments file is saved
                (committed), it will be written in the new file format
                (meaning no specific "upgrade" process is needed).
                But note that once a commit has occurred, pre-2.1
                Lucene will not be able to read the index.
            </p>

        </section>

        <section id="Definitions"><title>Definitions</title>

            <p>
                The fundamental concepts in Lucene are index,
                document, field and term.
            </p>


            <p>
                An index contains a sequence of documents.
            </p>

            <ul>
                <li>
                    <p>
                        A document is a sequence of fields.
                    </p>
                </li>

                <li>
                    <p>
                        A field is a named sequence of terms.
                    </p>
                </li>

                <li>
                    A term is a string.
                </li>
            </ul>

            <p>
                The same string in two different fields is
                considered a different term.  Thus terms are represented as a pair of
                strings, the first naming the field, and the second naming text
                within the field.
            </p>

            <section id="Inverted Indexing"><title>Inverted Indexing</title>

                <p>
                    The index stores statistics about terms in order
                    to make term-based search more efficient.  Lucene's
                    index falls into the family of indexes known as an <i>inverted
                        index.</i> This is because it can list, for a term, the documents that contain
                    it.  This is the inverse of the natural relationship, in which
                    documents list terms.
                </p>
            </section>
            <section id="Types of Fields">
                <title>Types of Fields</title>
                <p>
                    In Lucene, fields may be <i>stored</i>, in which
                    case their text is stored in the index literally, in a non-inverted
                    manner.  Fields that are inverted are called <i>indexed</i>. A field
                    may be both stored and indexed.</p>

                <p>The text of a field may be <i>tokenized</i> into terms to be
                    indexed, or the text of a field may be used literally as a term to be indexed.
                    Most fields are
                    tokenized, but sometimes it is useful for certain identifier fields
                    to be indexed literally.
                </p>
                <p>See the <a href="http://lucene.apache.org/java/docs/api/org/apache/lucene/document/Field.html">Field</a> java docs for more information on Fields.</p>
            </section>

            <section id="Segments"><title>Segments</title>

                <p>
                    Lucene indexes may be composed of multiple sub-indexes, or
                    <i>segments</i>. Each segment is a fully independent index, which could be searched
                    separately. Indexes evolve by:
                </p>

                <ol>
                    <li>
                        <p>Creating new segments for newly added documents.</p>
                    </li>
                    <li>
                        <p>Merging existing segments.</p>
                    </li>
                </ol>

                <p>
                    Searches may involve multiple segments and/or multiple indexes, each
                    index potentially composed of a set of segments.
                </p>
            </section>

            <section id="Document Numbers"><title>Document Numbers</title>

                <p>
                    Internally, Lucene refers to documents by an integer <i>document
                        number</i>. The first document added to an index is numbered zero, and each
                    subsequent document added gets a number one greater than the previous.
                </p>

                <p>
                    <br/>
                </p>

                <p>
                    Note that a document's number may change, so caution should be taken
                    when storing these numbers outside of Lucene. In particular, numbers may
                    change in the following situations:
                </p>


                <ul>
                    <li>
                        <p>
                            The
                            numbers stored in each segment are unique only within the segment,
                            and must be converted before they can be used in a larger context.
                            The standard technique is to allocate each segment a range of
                            values, based on the range of numbers used in that segment.  To
                            convert a document number from a segment to an external value, the
                            segment's <i>base</i> document
                            number is added.  To convert an external value back to a
                            segment-specific value, the  segment is identified by the range that
                            the external value is in, and the segment's base value is
                            subtracted.  For example two five document segments might be
                            combined, so that the first segment has a base value of zero, and
                            the second of five.  Document three from the second segment would
                            have an external value of eight.
                        </p>
                    </li>
                    <li>
                        <p>
                            When documents are deleted, gaps are created
                            in the numbering. These are eventually removed as the index evolves
                            through merging. Deleted documents are dropped when segments are
                            merged. A freshly-merged segment thus has no gaps in its numbering.
                        </p>
                    </li>
                </ul>

            </section>

        </section>

        <section id="Overview"><title>Overview</title>

            <p>
                Each segment index maintains the following:
            </p>
            <ul>
                <li>
                    <p>Field names. This
                        contains the set of field names used in the index.

                    </p>
                </li>
                <li>
                    <p>Stored Field
                        values. This contains, for each document, a list of attribute-value
                        pairs, where the attributes are field names. These are used to
                        store auxiliary information about the document, such as its title,
                        url, or an identifier to access a
                        database. The set of stored fields are what is returned for each hit
                        when searching. This is keyed by document number.
                    </p>
                </li>
                <li>
                    <p>Term dictionary.
                        A dictionary containing all of the terms used in all of the indexed
                        fields of all of the documents. The dictionary also contains the
                        number of documents which contain the term, and pointers to the
                        term's frequency and proximity data.
                    </p>
                </li>

                <li>
                    <p>Term Frequency
                        data. For each term in the dictionary, the numbers of all the
                        documents that contain that term, and the frequency of the term in
                        that document.
                    </p>
                </li>

                <li>
                    <p>Term Proximity
                        data. For each term in the dictionary, the positions that the term
                        occurs in each document.
                    </p>
                </li>

                <li>
                    <p>Normalization
                        factors. For each field in each document, a value is stored that is
                        multiplied into the score for hits on that field.
                    </p>
                </li>
                <li>
                    <p>Term Vectors. For each field in each document, the term vector
                        (sometimes called document vector) may be stored. A term vector consists
                        of term text and term frequency. To add Term Vectors to your index see the
                        <a href="http://lucene.apache.org/java/docs/api/org/apache/lucene/document/Field.html">Field</a>
                        constructors
                    </p>
                </li>
                <li>
                    <p>Deleted documents.
                        An optional file indicating which documents are deleted.
                    </p>
                </li>
            </ul>

            <p>Details on each of these are provided in subsequent sections.
            </p>
        </section>

        <section id="File Naming"><title>File Naming</title>

            <p>
                All files belonging to a segment have the same name with varying
                extensions. The extensions correspond to the different file formats
                described below. When using the Compound File format (default in 1.4 and greater) these files are
                collapsed into a single .cfs file (see below for details)
            </p>

            <p>
                Typically, all segments
                in an index are stored in a single directory, although this is not
                required.
            </p>

            <p>
                As of version 2.1 (lock-less commits), file names are
                never re-used (there is one exception, "segments.gen",
                see below). That is, when any file is saved to the
                Directory it is given a never before used filename.
                This is achieved using a simple generations approach.
                For example, the first segments file is segments_1,
                then segments_2, etc. The generation is a sequential
                long integer represented in alpha-numeric (base 36)
                form.
            </p>

        </section>

        <section id="Primitive Types"><title>Primitive Types</title>

            <section id="Byte"><title>Byte</title>

                <p>
                    The most primitive type
                    is an eight-bit byte. Files are accessed as sequences of bytes. All
                    other data types are defined as sequences
                    of bytes, so file formats are byte-order independent.
                </p>

            </section>

            <section id="UInt32"><title>UInt32</title>

                <p>
                    32-bit unsigned integers are written as four
                    bytes, high-order bytes first.
                </p>
                <p>
                    UInt32    --&gt; &lt;Byte&gt;<sup>4</sup>
                </p>

            </section>

            <section id="Uint64"><title>Uint64</title>

                <p>
                    64-bit unsigned integers are written as eight
                    bytes, high-order bytes first.
                </p>

                <p>UInt64    --&gt; &lt;Byte&gt;<sup>8</sup>
                </p>

            </section>

            <section id="VInt"><title>VInt</title>

                <p>
                    A variable-length format for positive integers is
                    defined where the high-order bit of each byte indicates whether more
                    bytes remain to be read. The low-order seven bits are appended as
                    increasingly more significant bits in the resulting integer value.
                    Thus values from zero to 127 may be stored in a single byte, values
                    from 128 to 16,383 may be stored in two bytes, and so on.
                </p>

                <p>
                    <b>VInt Encoding Example</b>
                </p>

                <table width="100%" border="0" cellpadding="4" cellspacing="0">
                    <col width="64*"/>
                    <col width="64*"/>
                    <col width="64*"/>
                    <col width="64*"/>
                    <tr valign="TOP">
                        <td width="25%">
                            <p align="RIGHT">
                                <b>Value</b>
                            </p>
                        </td>
                        <td width="25%">
                            <p align="RIGHT">
                                <b>First byte</b>
                            </p>
                        </td>
                        <td width="25%">
                            <p align="RIGHT">
                                <b>Second byte</b>
                            </p>
                        </td>
                        <td width="25%">
                            <p align="RIGHT">
                                <b>Third byte</b>
                            </p>
                        </td>
                    </tr>
                    <tr valign="BOTTOM">
                        <td width="25%" sdval="0" sdnum="1033;0;#,##0">
                            <p align="RIGHT">0
                            </p>
                        </td>
                        <td width="25%" sdval="0" sdnum="1033;0;00000000">
                            <p class="western" align="RIGHT" style="margin-left: 0.11cm;
                               margin-right: 0.01cm">
                                00000000
                            </p>
                        </td>
                        <td width="25%" sdnum="1033;0;00000000">
                            <p align="RIGHT" style="margin-left: -0.07cm; margin-right:
                               0.01cm">
                                <br/>

                            </p>
                        </td>
                        <td width="25%" sdnum="1033;0;00000000">
                            <p align="RIGHT" style="margin-left: -0.47cm; margin-right:
                               0.01cm">
                                <br/>

                            </p>
                        </td>
                    </tr>
                    <tr valign="BOTTOM">
                        <td width="25%" sdval="1" sdnum="1033;0;#,##0">
                            <p align="RIGHT">1
                            </p>
                        </td>
                        <td width="25%" sdval="1" sdnum="1033;0;00000000">
                            <p class="western" align="RIGHT" style="margin-left: 0.11cm;
                               margin-right: 0.01cm">
                                00000001
                            </p>
                        </td>
                        <td width="25%" sdnum="1033;0;00000000">
                            <p align="RIGHT" style="margin-left: -0.07cm; margin-right:
                               0.01cm">
                                <br/>

                            </p>
                        </td>
                        <td width="25%" sdnum="1033;0;00000000">
                            <p align="RIGHT" style="margin-left: -0.47cm; margin-right:
                               0.01cm">
                                <br/>

                            </p>
                        </td>
                    </tr>
                    <tr valign="BOTTOM">
                        <td width="25%" sdval="2" sdnum="1033;0;#,##0">
                            <p align="RIGHT">2
                            </p>
                        </td>
                        <td width="25%" sdval="10" sdnum="1033;0;00000000">
                            <p class="western" align="RIGHT" style="margin-left: 0.11cm;
                               margin-right: 0.01cm">
                                00000010
                            </p>
                        </td>
                        <td width="25%" sdnum="1033;0;00000000">
                            <p align="RIGHT" style="margin-left: -0.07cm; margin-right:
                               0.01cm">
                                <br/>

                            </p>
                        </td>
                        <td width="25%" sdnum="1033;0;00000000">
                            <p align="RIGHT" style="margin-left: -0.47cm; margin-right:
                               0.01cm">
                                <br/>

                            </p>
                        </td>
                    </tr>
                    <tr>
                        <td width="25%" valign="TOP">
                            <p align="RIGHT">...
                            </p>
                        </td>
                        <td width="25%" valign="BOTTOM" sdnum="1033;0;00000000">
                            <p align="RIGHT" style="margin-left: 0.11cm; margin-right:
                               0.01cm">
                                <br/>

                            </p>
                        </td>
                        <td width="25%" valign="BOTTOM" sdnum="1033;0;00000000">
                            <p align="RIGHT" style="margin-left: -0.07cm; margin-right:
                               0.01cm">
                                <br/>

                            </p>
                        </td>
                        <td width="25%" valign="BOTTOM" sdnum="1033;0;00000000">
                            <p align="RIGHT" style="margin-left: -0.47cm; margin-right:
                               0.01cm">
                                <br/>

                            </p>
                        </td>
                    </tr>
                    <tr valign="BOTTOM">
                        <td width="25%" sdval="127" sdnum="1033;0;#,##0">
                            <p align="RIGHT">127
                            </p>
                        </td>
                        <td width="25%" sdval="1111111" sdnum="1033;0;00000000">
                            <p class="western" align="RIGHT" style="margin-left: 0.11cm;
                               margin-right: 0.01cm">
                                01111111
                            </p>
                        </td>
                        <td width="25%" sdnum="1033;0;00000000">
                            <p align="RIGHT" style="margin-left: -0.07cm; margin-right:
                               0.01cm">
                                <br/>

                            </p>
                        </td>
                        <td width="25%" sdnum="1033;0;00000000">
                            <p align="RIGHT" style="margin-left: -0.47cm; margin-right:
                               0.01cm">
                                <br/>

                            </p>
                        </td>
                    </tr>
                    <tr valign="BOTTOM">
                        <td width="25%" sdval="128" sdnum="1033;0;#,##0">
                            <p align="RIGHT">128
                            </p>
                        </td>
                        <td width="25%" sdval="10000000" sdnum="1033;0;00000000">
                            <p class="western" align="RIGHT" style="margin-left: 0.11cm;
                               margin-right: 0.01cm">
                                10000000
                            </p>
                        </td>
                        <td width="25%" sdval="1" sdnum="1033;0;00000000">
                            <p class="western" align="RIGHT" style="margin-left: -0.07cm;
                               margin-right: 0.01cm">
                                00000001
                            </p>
                        </td>
                        <td width="25%" sdnum="1033;0;00000000">
                            <p align="RIGHT" style="margin-left: -0.47cm; margin-right:
                               0.01cm">
                                <br/>

                            </p>
                        </td>
                    </tr>
                    <tr valign="BOTTOM">
                        <td width="25%" sdval="129" sdnum="1033;0;#,##0">
                            <p align="RIGHT">129
                            </p>
                        </td>
                        <td width="25%" sdval="10000001" sdnum="1033;0;00000000">
                            <p class="western" align="RIGHT" style="margin-left: 0.11cm;
                               margin-right: 0.01cm">
                                10000001
                            </p>
                        </td>
                        <td width="25%" sdval="1" sdnum="1033;0;00000000">
                            <p class="western" align="RIGHT" style="margin-left: -0.07cm;
                               margin-right: 0.01cm">
                                00000001
                            </p>
                        </td>
                        <td width="25%" sdnum="1033;0;00000000">
                            <p align="RIGHT" style="margin-left: -0.47cm; margin-right:
                               0.01cm">
                                <br/>

                            </p>
                        </td>
                    </tr>
                    <tr valign="BOTTOM">
                        <td width="25%" sdval="130" sdnum="1033;0;#,##0">
                            <p align="RIGHT">130
                            </p>
                        </td>
                        <td width="25%" sdval="10000010" sdnum="1033;0;00000000">
                            <p class="western" align="RIGHT" style="margin-left: 0.11cm;
                               margin-right: 0.01cm">
                                10000010
                            </p>
                        </td>
                        <td width="25%" sdval="1" sdnum="1033;0;00000000">
                            <p class="western" align="RIGHT" style="margin-left: -0.07cm;
                               margin-right: 0.01cm">
                                00000001
                            </p>
                        </td>
                        <td width="25%" sdnum="1033;0;00000000">
                            <p align="RIGHT" style="margin-left: -0.47cm; margin-right:
                               0.01cm">
                                <br/>

                            </p>
                        </td>
                    </tr>
                    <tr>
                        <td width="25%" valign="TOP">
                            <p align="RIGHT">...
                            </p>
                        </td>
                        <td width="25%" valign="BOTTOM" sdnum="1033;0;00000000">
                            <p align="RIGHT" style="margin-left: 0.11cm; margin-right:
                               0.01cm">
                                <br/>

                            </p>
                        </td>
                        <td width="25%" valign="BOTTOM" sdnum="1033;0;00000000">
                            <p align="RIGHT" style="margin-left: -0.07cm; margin-right:
                               0.01cm">
                                <br/>

                            </p>
                        </td>
                        <td width="25%" valign="BOTTOM" sdnum="1033;0;00000000">
                            <p align="RIGHT" style="margin-left: -0.47cm; margin-right:
                               0.01cm">
                                <br/>

                            </p>
                        </td>
                    </tr>
                    <tr valign="BOTTOM">
                        <td width="25%" sdval="16383" sdnum="1033;0;#,##0">
                            <p align="RIGHT">16,383
                            </p>
                        </td>
                        <td width="25%" sdval="11111111" sdnum="1033;0;00000000">
                            <p class="western" align="RIGHT" style="margin-left: 0.11cm;
                               margin-right: 0.01cm">
                                11111111
                            </p>
                        </td>
                        <td width="25%" sdval="1111111" sdnum="1033;0;00000000">
                            <p class="western" align="RIGHT" style="margin-left: -0.07cm;
                               margin-right: 0.01cm">
                                01111111
                            </p>
                        </td>
                        <td width="25%" sdnum="1033;0;00000000">
                            <p align="RIGHT" style="margin-left: -0.47cm; margin-right:
                               0.01cm">
                                <br/>

                            </p>
                        </td>
                    </tr>
                    <tr valign="BOTTOM">
                        <td width="25%" sdval="16384" sdnum="1033;0;#,##0">
                            <p align="RIGHT">16,384
                            </p>
                        </td>
                        <td width="25%" sdval="10000000" sdnum="1033;0;00000000">
                            <p class="western" align="RIGHT" style="margin-left: 0.11cm;
                               margin-right: 0.01cm">
                                10000000
                            </p>
                        </td>
                        <td width="25%" sdval="10000000" sdnum="1033;0;00000000">
                            <p class="western" align="RIGHT" style="margin-left: -0.07cm;
                               margin-right: 0.01cm">
                                10000000
                            </p>
                        </td>
                        <td width="25%" sdval="1" sdnum="1033;0;00000000">
                            <p class="western" align="RIGHT" style="margin-left: -0.47cm;
                               margin-right: 0.01cm">
                                00000001
                            </p>
                        </td>
                    </tr>
                    <tr valign="BOTTOM">
                        <td width="25%" sdval="16385" sdnum="1033;0;#,##0">
                            <p align="RIGHT">16,385
                            </p>
                        </td>
                        <td width="25%" sdval="10000001" sdnum="1033;0;00000000">
                            <p class="western" align="RIGHT" style="margin-left: 0.11cm;
                               margin-right: 0.01cm">
                                10000001
                            </p>
                        </td>
                        <td width="25%" sdval="10000000" sdnum="1033;0;00000000">
                            <p class="western" align="RIGHT" style="margin-left: -0.07cm;
                               margin-right: 0.01cm">
                                10000000
                            </p>
                        </td>
                        <td width="25%" sdval="1" sdnum="1033;0;00000000">
                            <p class="western" align="RIGHT" style="margin-left: -0.47cm;
                               margin-right: 0.01cm">
                                00000001
                            </p>
                        </td>
                    </tr>
                    <tr>
                        <td width="25%" valign="TOP">
                            <p align="RIGHT">...
                            </p>
                        </td>
                        <td width="25%" valign="BOTTOM" sdnum="1033;0;00000000">
                            <p class="western" align="RIGHT" style="margin-left: 0.11cm;
                               margin-right: 0.01cm">
                                <br/>

                            </p>
                        </td>
                        <td width="25%" valign="BOTTOM" sdnum="1033;0;00000000">
                            <p class="western" align="RIGHT" style="margin-left: -0.07cm;
                               margin-right: 0.01cm">
                                <br/>

                            </p>
                        </td>
                        <td width="25%" valign="BOTTOM" sdnum="1033;0;00000000">
                            <p class="western" align="RIGHT" style="margin-left: -0.47cm;
                               margin-right: 0.01cm">
                                <br/>

                            </p>
                        </td>
                    </tr>
                </table>

                <p>
                    This provides compression while still being
                    efficient to decode.
                </p>

            </section>

            <section id="Chars"><title>Chars</title>

                <p>
                    Lucene writes unicode
                    character sequences using Java's
                    <a href="http://en.wikipedia.org/wiki/UTF-8#Modified_UTF-8">"modified
                        UTF-8 encoding"</a>
                    .
                </p>


            </section>

            <section id="String"><title>String</title>

                <p>
                    Lucene writes strings as a VInt representing the length, followed by
                    the character data.
                </p>

                <p>
                    String --&gt; VInt, Chars
                </p>

            </section>

        </section>

        <section id="Per-Index Files"><title>Per-Index Files</title>

            <p>
                The files in this section exist one-per-index.
            </p>

            <section id="Segments File"><title>Segments File</title>

                <p>
                    The active segments in the index are stored in the
                    segment info file,
                    <tt>segments_N</tt>.
                    There may
                    be one or more
                    <tt>segments_N</tt>
                    files in the
                    index; however, the one with the largest
                    generation is the active one (when older
                    segments_N files are present it's because they
                    temporarily cannot be deleted, or, a writer is in
                    the process of committing). This file lists each
                    segment by name, has details about the separate
                    norms and deletion files, and also contains the
                    size of each segment.
                </p>

                <p>
                    As of 2.1, there is also a file
                    <tt>segments.gen</tt>.
                    This file contains the
                    current generation (the
                    <tt>_N</tt>
                    in
                    <tt>segments_N</tt>)
                    of the index. This is
                    used only as a fallback in case the current
                    generation cannot be accurately determined by
                    directory listing alone (as is the case for some
                    NFS clients with time-based directory cache
                    expiraation). This file simply contains an Int32
                    version header (SegmentInfos.FORMAT_LOCKLESS =
                    -2), followed by the generation recorded as Int64,
                    written twice.
                </p>

                <p>
                    <b>Pre-2.1:</b>
                    Segments --&gt; Format, Version, NameCounter, SegCount, &lt;SegName, SegSize&gt;
                    <sup>SegCount</sup>
                </p>
                <p>
                    <b>2.1 and above:</b>
                    Segments --&gt; Format, Version, NameCounter, SegCount, &lt;SegName, SegSize, DelGen, HasSingleNormFile, NumField,
                    NormGen<sup>NumField</sup>,
                    IsCompoundFile&gt;<sup>SegCount</sup>
                </p>

                <p>
                    Format, NameCounter, SegCount, SegSize, NumField --&gt; Int32
                </p>

                <p>
                    Version, DelGen, NormGen --&gt; Int64
                </p>

                <p>
                    SegName --&gt; String
                </p>

                <p>
                    IsCompoundFile, HasSingleNormFile --&gt; Int8
                </p>

                <p>
                    Format is -1 as of Lucene 1.4 and -3 (SemgentInfos.FORMAT_SINGLE_NORM_FILE) as of Lucene 2.1.
                </p>

                <p>
                    Version counts how often the index has been
                    changed by adding or deleting documents.
                </p>

                <p>
                    NameCounter is used to generate names for new segment files.
                </p>

                <p>
                    SegName is the name of the segment, and is used as the file name prefix
                    for all of the files that compose the segment's index.
                </p>

                <p>
                    SegSize is the number of documents contained in the segment index.
                </p>

                <p>
                    DelGen is the generation count of the separate
                    deletes file. If this is -1, there are no
                    separate deletes. If it is 0, this is a pre-2.1
                    segment and you must check filesystem for the
                    existence of _X.del. Anything above zero means
                    there are separate deletes (_X_N.del).
                </p>

                <p>
                    NumField is the size of the array for NormGen, or
                    -1 if there are no NormGens stored.
                </p>

                <p>
                    NormGen records the generation of the separate
                    norms files. If NumField is -1, there are no
                    normGens stored and they are all assumed to be 0
                    when the segment file was written pre-2.1 and all
                    assumed to be -1 when the segments file is 2.1 or
                    above. The generation then has the same meaning
                    as delGen (above).
                </p>

                <p>
                    IsCompoundFile records whether the segment is
                    written as a compound file or not. If this is -1,
                    the segment is not a compound file. If it is 1,
                    the segment is a compound file. Else it is 0,
                    which means we check filesystem to see if _X.cfs
                    exists.
                </p>

                <p>
                    If HasSingleNormFile is 1, then the field norms are
                    written as a single joined file (with extension
                    <tt>.nrm</tt>); if it is 0 then each field's norms
                    are stored as separate <tt>.fN</tt> files.  See
                    "Normalization Factors" below for details.
                </p>

            </section>

            <section id="Lock File"><title>Lock File</title>

                <p>
                    A write lock is used to indicate that another
                    process is writing to the index. Note that this file is not
                    stored in the index directory itself, but rather in the
                    system's temporary directory, as indicated in the Java
                    system property "java.io.tmpdir".
                </p>

                <p>
                    The write lock is named "XXXX-write.lock" where
                    XXXX is typically a unique prefix computed by the
                    directory path to the index. When this file is
                    present, a process is currently adding documents
                    to an index, or removing files from that index.
                    This lock file prevents several processes from
                    attempting to modify an index at the same time.
                </p>

                <p>
                    Note that prior to version 2.1, Lucene also used a
                    commit lock. This was removed in 2.1.
                </p>

            </section>

            <section id="Deletable File"><title>Deletable File</title>

                <p>
                    Prior to Lucene 2.1 there was a file "deletable"
                    that contained details about files that need to be
                    deleted. As of 2.1, a writer dynamically computes
                    the files that are deletable, instead, so no file
                    is written.
                </p>

            </section>

            <section id="Compound Files"><title>Compound Files</title>

                <p>Starting with Lucene 1.4 the compound file format became default. This
                    is simply a container for all files described in the next section
					(except for the .del file).</p>

                <p>Compound (.cfs) --&gt; FileCount, &lt;DataOffset, FileName&gt;
                    <sup>FileCount</sup>
                    ,
                    FileData
                    <sup>FileCount</sup>
                </p>

                <p>FileCount --&gt; VInt</p>

                <p>DataOffset --&gt; Long</p>

                <p>FileName --&gt; String</p>

                <p>FileData --&gt; raw file data</p>
                <p>The raw file data is the data from the individual files named above.</p>

            </section>

        </section>

        <section id="Per-Segment Files"><title>Per-Segment Files</title>

            <p>
                The remaining files are all per-segment, and are
                thus defined by suffix.
            </p>
            <section id="Fields"><title>Fields</title>
                <p>
                    <br/>
                    <b>Field Info</b>
                    <br/>
                </p>

                <p>
                    Field names are
                    stored in the field info file, with suffix .fnm.
                </p>
                <p>
                    FieldInfos
                    (.fnm) --&gt; FieldsCount, &lt;FieldName,
                    FieldBits&gt;
                    <sup>FieldsCount</sup>
                </p>

                <p>
                    FieldsCount --&gt; VInt
                </p>

                <p>
                    FieldName --&gt; String
                </p>

                <p>
                    FieldBits --&gt; Byte
                </p>

                <p>
                    <ul>
                        <li>
                            The low-order bit is one for
                            indexed fields, and zero for non-indexed fields.
                        </li>
                        <li>
                            The second lowest-order
                            bit is one for fields that have term vectors stored, and zero for fields
                            without term vectors.
                        </li>
                        <p>
                            <b>Lucene &gt;= 1.9:</b>
                        </p>
                        <li>If the third lowest-order bit is set (0x04), term positions are stored with the term vectors.</li>
                        <li>If the fourth lowest-order bit is set (0x08), term offsets are stored with the term vectors.</li>
                        <li>If the fifth lowest-order bit is set (0x10), norms are omitted for the indexed field.</li>
                    </ul>
                </p>

                <p>
                    Fields are numbered by their order in this file. Thus field zero is
                    the
                    first field in the file, field one the next, and so on. Note that,
                    like document numbers, field numbers are segment relative.
                </p>

                <p>
                    <br/>
                    <b>Stored Fields</b>
                    <br/>
                </p>

                <p>
                    Stored fields are represented by two files:
                </p>

                <ol>
                    <li>
                        <p>
                            The field index, or .fdx file.
                        </p>

                        <p>
                            This contains, for each document, a pointer to
                            its field data, as follows:
                        </p>

                        <p>
                            FieldIndex
                            (.fdx) --&gt;
                            &lt;FieldValuesPosition&gt;
                            <sup>SegSize</sup>
                        </p>
                        <p>FieldValuesPosition
                            --&gt; Uint64
                        </p>
                        <p>This
                            is used to find the location within the field data file of the
                            fields of a particular document. Because it contains fixed-length
                            data, this file may be easily randomly accessed. The position of
                            document
                            <i>n</i>
                            's
                            <i></i>
                            field data is the Uint64 at
                            <i>n*8</i>
                            in
                            this file.
                        </p>
                    </li>
                    <li>
                        <p>
                            The field data, or .fdt file.

                        </p>

                        <p>
                            This contains the stored fields of each document,
                            as follows:
                        </p>

                        <p>
                            FieldData (.fdt) --&gt;
                            &lt;DocFieldData&gt;
                            <sup>SegSize</sup>
                        </p>
                        <p>DocFieldData --&gt;
                            FieldCount, &lt;FieldNum, Bits, Value&gt;
                            <sup>FieldCount</sup>
                        </p>
                        <p>FieldCount --&gt;
                            VInt
                        </p>
                        <p>FieldNum --&gt;
                            VInt
                        </p>

                        <p>
                            <b>Lucene &lt;= 1.4:</b>
                        </p>
                        <p>Bits --&gt;
                            Byte
                        </p>
                        <p>Value --&gt;
                            String
                        </p>
                        <p>Only the low-order bit of Bits is used. It is one for
                            tokenized fields, and zero for non-tokenized fields.
                        </p>
                        <p>
                            <b>Lucene &gt;= 1.9:</b>
                        </p>
                        <p>Bits --&gt;
                            Byte
                        </p>
                        <p>
                            <ul>
                                <li>low order bit is one for tokenized fields</li>
                                <li>second bit is one for fields containing binary data</li>
                                <li>third bit is one for fields with compression option enabled
                                    (if compression is enabled, the algorithm used is ZLIB)</li>
                            </ul>
                        </p>
                        <p>Value --&gt;
                            String | BinaryValue (depending on Bits)
                        </p>
                        <p>BinaryValue --&gt;
                            ValueSize, &lt;Byte&gt;^ValueSize
                        </p>
                        <p>ValueSize --&gt;
                            VInt
                        </p>

                    </li>
                </ol>

            </section>
            <section id="Term Dictionary"><title>Term Dictionary</title>

                <p>
                    The term dictionary is represented as two files:
                </p>
                <ol>
                    <li>
                        <p>
                            The term infos, or tis file.
                        </p>

                        <p>
                            TermInfoFile (.tis)--&gt;
                            TIVersion, TermCount, IndexInterval, SkipInterval, TermInfos
                        </p>
                        <p>TIVersion --&gt;
                            UInt32
                        </p>
                        <p>TermCount --&gt;
                            UInt64
                        </p>
                        <p>IndexInterval --&gt;
                            UInt32
                        </p>
                        <p>SkipInterval --&gt;
                            UInt32
                        </p>
                        <p>TermInfos --&gt;
                            &lt;TermInfo&gt;
                            <sup>TermCount</sup>
                        </p>
                        <p>TermInfo --&gt;
                            &lt;Term, DocFreq, FreqDelta, ProxDelta, SkipDelta&gt;
                        </p>
                        <p>Term --&gt;
                            &lt;PrefixLength, Suffix, FieldNum&gt;
                        </p>
                        <p>Suffix --&gt;
                            String
                        </p>
                        <p>PrefixLength,
                            DocFreq, FreqDelta, ProxDelta, SkipDelta
                            <br/>
                            --&gt; VInt
                        </p>
                        <p>This
                            file is sorted by Term. Terms are ordered first lexicographically
                            by the term's field name, and within that lexicographically by the
                            term's text.
                        </p>
                        <p>TIVersion names the version of the format
                            of this file and is -2 in Lucene 1.4.
                        </p>
                        <p>Term
                            text prefixes are shared. The PrefixLength is the number of initial
                            characters from the previous term which must be pre-pended to a
                            term's suffix in order to form the term's text. Thus, if the
                            previous term's text was "bone" and the term is "boy",
                            the PrefixLength is two and the suffix is "y".
                        </p>
                        <p>FieldNumber
                            determines the term's field, whose name is stored in the .fdt file.
                        </p>
                        <p>DocFreq
                            is the count of documents which contain the term.
                        </p>
                        <p>FreqDelta
                            determines the position of this term's TermFreqs within the .frq
                            file. In particular, it is the difference between the position of
                            this term's data in that file and the position of the previous
                            term's data (or zero, for the first term in the file).
                        </p>
                        <p>ProxDelta
                            determines the position of this term's TermPositions within the .prx
                            file. In particular, it is the difference between the position of
                            this term's data in that file and the position of the previous
                            term's data (or zero, for the first term in the file.
                        </p>
                        <p>SkipDelta determines the position of this
                            term's SkipData within the .frq file. In
                            particular, it is the number of bytes
                            after TermFreqs that the SkipData starts.
                            In other words, it is the length of the
                            TermFreq data.
                        </p>
                    </li>
                    <li>
                        <p>
                            The term info index, or .tii file.
                        </p>

                        <p>
                            This contains every IndexInterval
                            <sup>th</sup>
                            entry from the .tis
                            file, along with its location in the &quot;tis&quot; file. This is
                            designed to be read entirely into memory and used to provide random
                            access to the &quot;tis&quot; file.
                        </p>

                        <p>
                            The structure of this file is very similar to the
                            .tis file, with the addition of one item per record, the IndexDelta.
                        </p>

                        <p>
                            TermInfoIndex (.tii)--&gt;
                            TIVersion, IndexTermCount, IndexInterval, SkipInterval, TermIndices
                        </p>
                        <p>TIVersion --&gt;
                            UInt32
                        </p>
                        <p>IndexTermCount --&gt;
                            UInt64
                        </p>
                        <p>IndexInterval --&gt;
                            UInt32
                        </p>
                        <p>SkipInterval --&gt;
                            UInt32
                        </p>
                        <p>TermIndices --&gt;
                            &lt;TermInfo, IndexDelta&gt;
                            <sup>IndexTermCount</sup>
                        </p>
                        <p>IndexDelta --&gt;
                            VLong
                        </p>
                        <p>IndexDelta
                            determines the position of this term's TermInfo within the .tis file. In
                            particular, it is the difference between the position of this term's
                            entry in that file and the position of the previous term's entry.
                        </p>
                        <p>SkipInterval is the fraction of TermDocs stored in skip tables. It is used to accelerate TermDocs.skipTo(int).
                            Larger values result in smaller indexes, greater acceleration, but fewer accelerable cases, while
                            smaller values result in bigger indexes, less acceleration and more
                            accelerable cases.</p>
                    </li>
                </ol>
            </section>

            <section id="Frequencies"><title>Frequencies</title>

                <p>
                    The .frq file contains the lists of documents
                    which contain each term, along with the frequency of the term in that
                    document.
                </p>
                <p>FreqFile (.frq) --&gt;
                    &lt;TermFreqs, SkipData&gt;
                    <sup>TermCount</sup>
                </p>
                <p>TermFreqs --&gt;
                    &lt;TermFreq&gt;
                    <sup>DocFreq</sup>
                </p>
                <p>TermFreq --&gt;
                    DocDelta, Freq?
                </p>
                <p>SkipData --&gt;
                    &lt;SkipDatum&gt;
                    <sup>DocFreq/SkipInterval</sup>
                </p>
                <p>SkipDatum --&gt;
                    DocSkip,FreqSkip,ProxSkip
                </p>
                <p>DocDelta,Freq,DocSkip,FreqSkip,ProxSkip --&gt;
                    VInt
                </p>
                <p>TermFreqs
                    are ordered by term (the term is implicit, from the .tis file).
                </p>
                <p>TermFreq
                    entries are ordered by increasing document number.
                </p>
                <p>DocDelta
                    determines both the document number and the frequency. In
                    particular, DocDelta/2 is the difference between this document number
                    and the previous document number (or zero when this is the first
                    document in a TermFreqs). When DocDelta is odd, the frequency is
                    one. When DocDelta is even, the frequency is read as another VInt.
                </p>
                <p>For
                    example, the TermFreqs for a term which occurs once in document seven
                    and three times in document eleven would be the following sequence of
                    VInts:
                </p>
                <p>15,
                    8, 3
                </p>
                <p>DocSkip records the document number before every
                    SkipInterval
                    <sup>th</sup>
                    document in TermFreqs.
                    Document numbers are represented as differences
                    from the previous value in the sequence. FreqSkip
                    and ProxSkip record the position of every
                    SkipInterval
                    <sup>th</sup>
                    entry in FreqFile and
                    ProxFile, respectively. File positions are
                    relative to the start of TermFreqs and Positions,
                    to the previous SkipDatum in the sequence.
                </p>
                <p>For example, if DocFreq=35 and SkipInterval=16,
                    then there are two SkipData entries, containing
                    the 15
                    <sup>th</sup>
                    and 31
                    <sup>st</sup>
                    document
                    numbers in TermFreqs. The first FreqSkip names
                    the number of bytes after the beginning of
                    TermFreqs that the 16
                    <sup>th</sup>
                    SkipDatum
                    starts, and the second the number of bytes after
                    that that the 32
                    <sup>nd</sup>
                    starts. The first
                    ProxSkip names the number of bytes after the
                    beginning of Positions that the 16
                    <sup>th</sup>
                    SkipDatum starts, and the second the number of
                    bytes after that that the 32
                    <sup>nd</sup>
                    starts.
                </p>

            </section>
            <section id="Positions"><title>Positions</title>

                <p>
                    The .prx file contains the lists of positions that
                    each term occurs at within documents.
                </p>
                <p>ProxFile (.prx) --&gt;
                    &lt;TermPositions&gt;
                    <sup>TermCount</sup>
                </p>
                <p>TermPositions --&gt;
                    &lt;Positions&gt;
                    <sup>DocFreq</sup>
                </p>
                <p>Positions --&gt;
                    &lt;PositionDelta&gt;
                    <sup>Freq</sup>
                </p>
                <p>PositionDelta --&gt;
                    VInt
                </p>
                <p>TermPositions
                    are ordered by term (the term is implicit, from the .tis file).
                </p>
                <p>Positions
                    entries are ordered by increasing document number (the document
                    number is implicit from the .frq file).
                </p>
                <p>PositionDelta
                    is the difference between the position of the current occurrence in
                    the document and the previous occurrence (or zero, if this is the
                    first occurrence in this document).
                </p>
                <p>
                    For example, the TermPositions for a
                    term which occurs as the fourth term in one document, and as the
                    fifth and ninth term in a subsequent document, would be the following
                    sequence of VInts:
                </p>
                <p>4,
                    5, 4
                </p>
            </section>
            <section id="Normalization Factors"><title>Normalization Factors</title>
				<p>
                    <b>Pre-2.1:</b>
                    There's a norm file for each indexed field with a byte for
                    each document. The .f[0-9]* file contains,
                    for each document, a byte that encodes a value that is multiplied
                    into the score for hits on that field:
                </p>
                <p>Norms
                    (.f[0-9]*) --&gt; &lt;Byte&gt;
                    <sup>SegSize</sup>
                </p>
				<p>
                    <b>2.1 and above:</b>
                    There's a single .nrm file containing all norms:
                </p>
                <p>AllNorms
                    (.nrm) --&gt; NormsHeader,&lt;Norms&gt;
                    <sup>NumFieldsWithNorms</sup>
                </p>
                <p>Norms
                    --&gt; &lt;Byte&gt;
                    <sup>SegSize</sup>
                </p>
                <p>NormsHeader
                    --&gt; 'N','R','M',Version
                </p>
                <p>Version
                    --&gt; Byte
                </p>
                <p>NormsHeader 
					has 4 bytes, last of which is the format version for this file, currently -1.
                </p>
                <p>Each
                    byte encodes a floating point value. Bits 0-2 contain the 3-bit
                    mantissa, and bits 3-8 contain the 5-bit exponent.
                </p>
                <p>These
                    are converted to an IEEE single float value as follows:
                </p>
                <ol>
                    <li>
                        <p>If
                            the byte is zero, use a zero float.
                        </p>
                    </li>
                    <li>
                        <p>Otherwise,
                            set the sign bit of the float to zero;
                        </p>
                    </li>
                    <li>
                        <p>add
                            48 to the exponent and use this as the float's exponent;
                        </p>
                    </li>
                    <li>
                        <p>map
                            the mantissa to the high-order 3 bits of the float's mantissa; and

                        </p>
                    </li>
                    <li>
                        <p>set
                            the low-order 21 bits of the float's mantissa to zero.
                        </p>
                    </li>
                </ol>
                <p>A separate norm file is created when the norm values of an existing segment are modified. 
					When field <em>N</em> is modified, a separate norm file <em>.sN</em> 
					is created, to maintain the norm values for that field.
                </p>
				<p>
                    <b>Pre-2.1:</b>
                    Separate norm files are created only for compound segments.
                </p>
				<p>
                    <b>2.1 and above:</b>
                    Separate norm files are created (when adequate) for both compound and non compound segments.
                </p>

            </section>
            <section id="Term Vectors"><title>Term Vectors</title>
                Term Vector support is an optional on a field by field basis. It consists of 4
                files.
                <ol>
                    <li>
                        <p>The Document Index or .tvx file.</p>
                        <p>This contains, for each document, a pointer to the document data in the Document
                            (.tvd) file.
                        </p>
                        <p>DocumentIndex (.tvx) --&gt; TVXVersion&lt;DocumentPosition&gt;
                            <sup>NumDocs</sup>
                        </p>
                        <p>TVXVersion --&gt; Int</p>
                        <p>DocumentPosition --&gt; UInt64</p>
                        <p>This is used to find the position of the Document in the .tvd file.</p>
                    </li>
                    <li>
                        <p>The Document or .tvd file.</p>
                        <p>This contains, for each document, the number of fields, a list of the fields with
                            term vector info and finally a list of pointers to the field information in the .tvf
                            (Term Vector Fields) file.</p>
                        <p>
                            Document (.tvd) --&gt; TVDVersion&lt;NumFields, FieldNums, FieldPositions,&gt;
                            <sup>NumDocs</sup>
                        </p>
                        <p>TVDVersion --&gt; Int</p>
                        <p>NumFields --&gt; VInt</p>
                        <p>FieldNums --&gt; &lt;FieldNumDelta&gt;
                            <sup>NumFields</sup>
                        </p>
                        <p>FieldNumDelta --&gt; VInt</p>
                        <p>FieldPositions --&gt; &lt;FieldPosition&gt;
                            <sup>NumFields</sup>
                        </p>
                        <p>FieldPosition --&gt; VLong</p>
                        <p>The .tvd file is used to map out the fields that have term vectors stored and
                            where the field information is in the .tvf file.</p>
                    </li>
                    <li>
                        <p>The Field or .tvf file.</p>
                        <p>This file contains, for each field that has a term vector stored, a list of
                            the terms, their frequencies and, optionally, position and offest information.</p>
                        <p>Field (.tvf) --&gt; TVFVersion&lt;NumTerms, Position/Offset, TermFreqs&gt;
                            <sup>NumFields</sup>
                        </p>
                        <p>TVFVersion --&gt; Int</p>
                        <p>NumTerms --&gt; VInt</p>
                        <p>Position/Offset --&gt; Byte</p>
                        <p>TermFreqs --&gt; &lt;TermText, TermFreq, Positions?, Offsets?&gt;
                            <sup>NumTerms</sup>
                        </p>
                        <p>TermText --&gt; &lt;PrefixLength, Suffix&gt;</p>
                        <p>PrefixLength --&gt; VInt</p>
                        <p>Suffix --&gt; String</p>
                        <p>TermFreq --&gt; VInt</p>
                        <p>Positions --&gt; &lt;VInt&gt;<sup>TermFreq</sup></p>
                        <p>Offsets --&gt; &lt;VInt, VInt&gt;<sup>TermFreq</sup></p>
                        <br/>
                        <p>Notes:</p>
                        <ul>
                            <li>Position/Offset byte stores whether this term vector has position or offset information stored.</li>
                            <li>Term
                                text prefixes are shared. The PrefixLength is the number of initial
                                characters from the previous term which must be pre-pended to a
                                term's suffix in order to form the term's text. Thus, if the
                                previous term's text was "bone" and the term is "boy",
                                the PrefixLength is two and the suffix is "y".
                            </li>
                            <li>Positions are stored as delta encoded VInts. This means we only store the difference of the current position from the last position</li>
                            <li>Offsets are stored as delta encoded VInts. The first VInt is the startOffset, the second is the endOffset.</li>
                        </ul>


                    </li>
                </ol>
            </section>

            <section id="Deleted Documents"><title>Deleted Documents</title>

                <p>The .del file is
                    optional, and only exists when a segment contains deletions.
                </p>

                <p>Although per-segment, this file is maintained exterior to compound segment files.
                </p>
				
                <p>
                <b>Pre-2.1:</b>
                Deletions
                    (.del) --&gt; ByteCount,BitCount,Bits
                </p>

                <p>
				<b>2.1 and above:</b>
                Deletions
                    (.del) --&gt; [Format],ByteCount,BitCount, Bits | DGaps (depending on Format)
                </p>

                <p>Format,ByteSize,BitCount --&gt;
                    Uint32
                </p>

                <p>Bits --&gt;
                    &lt;Byte&gt;
                    <sup>ByteCount</sup>
                </p>

				<p>DGaps --&gt;
                    &lt;DGap,NonzeroByte&gt;
                    <sup>NonzeroBytesCount</sup>
                </p>

                <p>DGap --&gt;
                    VInt
                </p>

                <p>NonzeroByte --&gt;
                    Byte
                </p>
				
                <p>Format
                    is Optional. -1 indicates DGaps. Non-negative value indicates Bits, and that Format is excluded.
                </p>

                <p>ByteCount
                    indicates the number of bytes in Bits. It is typically
                    (SegSize/8)+1.
                </p>

                <p>
                    BitCount
                    indicates the number of bits that are currently set in Bits.
                </p>

                <p>Bits
                    contains one bit for each document indexed. When the bit
                    corresponding to a document number is set, that document is marked as
                    deleted. Bit ordering is from least to most significant. Thus, if
                    Bits contains two bytes, 0x00 and 0x02, then document 9 is marked as
                    deleted.
                </p>

				<p>DGaps
                    represents sparse bit-vectors more efficiently than Bits.
                    It is made of DGaps on indexes of nonzero bytes in Bits,
                    and the nonzero bytes themselves. The number of nonzero bytes
                    in Bits (NonzeroBytesCount) is not stored.
                </p>
                <p>For example,
                    if there are 8000 bits and only bits 10,12,32 are set,
                    DGaps would be used:
                </p>
                <p>
                    (VInt) 1 , (byte) 20 , (VInt) 3 , (Byte) 1
                </p>
            </section>
        </section>

        <section id="Limitations"><title>Limitations</title>

            <p>There
                are a few places where these file formats limit the maximum number of
                terms and documents to a 32-bit quantity, or to approximately 4
                billion. This is not today a problem, but, in the long term,
                probably will be. These should therefore be replaced with either
                UInt64 values, or better yet, with VInt values which have no limit.
            </p>

        </section>

    </body>

</document>
