<?xml version="1.0"?>
<document>
	<header>
        <title>
	Apache Lucene - Overview
		</title>
	</header>
    <properties>
        <author email="jon at latchkey.com">Jon S. Stevens</author>
        <author email="husted at apache.org">Ted Husted</author>
        <author email="cutting at apache.org">Doug Cutting</author>
        <author email="carlson at apache.org">Peter Carlson</author>
    </properties>
    <body>
        <section id="Apache Lucene">
            <title>Apache Lucene</title>
            <p>
                Apache Lucene is a high-performance, full-featured text search engine
                library written entirely in Java.  It is a technology suitable for nearly any
                application that requires full-text search, especially cross-platform.
            </p>
            <p>
                Apache Lucene is an open source project available for
                <a href="http://www.apache.org/dyn/closer.cgi/lucene/java/">free download</a>.
                Please use the links on the left to access Lucene.
            </p>
        </section>

        <section id="Lucene News">
            <title>Lucene News</title>
            <section>
                <title>3 January 2007 - Nightly Source builds available</title>

                <p>Nightly source builds of the current development version of Lucene
                    are now available at
                    <a href="http://people.apache.org/builds/lucene/java/nightly/">http://people.apache.org/builds/lucene/java/nightly/</a>.  Files are named lucene-DATE-src.tar.gz where DATE is the date of the build.
                </p>
            </section>
            <section>
                <title>22 December 2006</title>
                <p>The Lucene Java main site is now based on the nightly build of the documentation contained in Subversion.
                    The <a href="api/">API documentation</a> is also
                    based on the nightly build of the source.  Previous released versions of this site (including API references) are available
                    under the "Site Versions" menu item on the left.
                </p>
            </section>
        <section><title>26 November 2006</title>
	    <p>New <a href="http://forrest.apache.org">Forrest</a> based site released.  The Lucene Java website now has a consistent look and feel with its <a href="http://lucene.apache.org">Lucene</a> siblings.
	    </p>
	    </section>
            <section>
                <title>26 May 2006 - Release 2.0.0 available</title>

                <p>This is mostly a bugfix release from release 1.9.1.
                    Note however that deprecated 1.x features have now
                    been removed. Any code that compiles against Lucene
                    1.9.1 without deprecation warnings should work without
                    further changes with any 2.x release. For more
                    information about this release, please read
                    <a
                            href="http://svn.apache.org/repos/asf/lucene/java/tags/lucene_2_0_0/CHANGES.txt">
                        CHANGES.txt</a>
                    .
                </p>

                <p>Binary and source distributions are
                    available
                    <a
                            href="http://www.apache.org/dyn/closer.cgi/lucene/java/">here</a>
                    .
                </p>
            </section>
            <section>
                <title>2 March 2006 - Release 1.9.1 available</title>

                <p>This fixes a serious bug in release 1.9-final.
                    <a
                            href="http://svn.apache.org/repos/asf/lucene/java/tags/lucene_1_9_1/CHANGES.txt">
                        CHANGES.txt</a>
                    for details.
                </p>

                <p>Binary and source distributions are
                    available
                    <a
                            href="http://www.apache.org/dyn/closer.cgi/lucene/java/">here</a>
                    .
                </p>
            </section>
            <section>
                <title>27 February 2006 - 1.9 final available</title>

                <p>This release has many improvements since release
                    1.4.3, including new features, performance
                    improvements, bug fixes, etc. See
                    <a
                            href="http://svn.apache.org/repos/asf/lucene/java/tags/lucene_1_9_final/CHANGES.txt">
                        CHANGES.txt</a>
                    for details.
                </p>

                <p>1.9 will be the last 1.x release. It is both
                    back-compatible with 1.4.3 and forward-compatible with
                    the upcoming 2.0 release. Many methods and classes in
                    1.4.3 have been deprecated in 1.9 and will be removed
                    in 2.0. Applications must compile against 1.9 without
                    deprecation warnings before they are compatible with
                    2.0.</p>

                <p>Binary and source distributions are
                    available
                    <a
                            href="http://www.apache.org/dyn/closer.cgi/lucene/java/">here</a>
                    .
                </p>
            </section>
            <section>
                <title>26 January 2006 - Nightly builds available</title>

                <p>Nightly builds of the current development version of Lucene, to be released as Lucene 1.9,
                    are now available at
                    <a href="http://cvs.apache.org/dist/lucene/java/nightly/">
                        http://cvs.apache.org/dist/lucene/java/nightly/</a>
                    .
                </p>
             </section>
            <section>
                <title>28 October 2005 - Lucene at ApacheCon</title>
                <p>
                    <a href="http://www.apachecon.com">
                        <img src="http://apachecon.com/2005/US/logos/Conference135x59.jpg"/>
                    </a>
                </p>
                <p>Monday, December 12, 2005 at 3pm by Grant Ingersoll:
                    <br/>
                    Abstract:
                    <br/>
                    Lucene is a high performance, scalable, cross-platform search engine that contains many advanced
                    features that often go untapped by the majority of users. In this session, designed for those
                    familiar with Lucene, we will examine some of Lucene's more advanced topics and their application,
                    including:
                </p>
                <ol>
                    <li>Term Vectors: Manual and Pseudo relevance feedback; Advanced document collection analysis for
                        domain specialization</li>
                    <li>Span Queries: Better phrase matching; Candidate Identification for Question Answering</li>
                    <li>Tying it all Together: Building a search framework for experimentation and rapid deployment</li>
                    <li>Case Studies from
                        <a href="http://www.cnlp.org">CNLP</a>
                        : Crosslingual/multilingual retrieval in Arabic, English and Dutch;
                        Sublanguage specialization for commercial trouble ticket analysis; Passage retrieval and
                        analysis for Question Answering application
                    </li>
                </ol>
                <p>Topics 1 through 3 will provide technical details on implementing the advanced Lucene features, while
                    the fourth topic will provide a broader context for understanding when and where to use these
                    features.
                </p>
            </section>
            <section>
                <title>14 February 2005 - Lucene moves to Apache top-level</title>

                <p>Lucene has migrated from Apache's Jakarta project to the top-level. Along with this migration,
                    the source code repository has been converted to Subversion. The migration is in progress with
                    some loose ends. Please stay tuned!
                </p>
            </section>
            <section>
                <title>December 2004 -
                    <em>Lucene in Action</em>
                    is published
                </title>

                <a href="http://www.lucenebook.com/">
                    <img border="0" align="left"
                         src="images/lia_3d.jpg"/>
                </a>
                <p>The first book dedicated solely to Lucene is published. The
                    "search inside the book" feature implemented with Lucene can
                    be seen at
                    <a href="http://www.lucenebook.com/">lucenebook.com</a>
                    .
                </p>
            </section>
            <p style="clear: both;"/>
            <section>
                <title>29 November 2004 - Lucene 1.4.3 Released</title>

                <p>This fixes a few bugs in 1.4.2. See
                    <a
                            href="http://svn.apache.org/repos/asf/lucene/java/tags/lucene_1_4_3/CHANGES.txt">
                        CHANGES.txt</a>
                    for details. Binary and source distributions are
                    available
                    <a href="http://www.apache.org/dyn/closer.cgi/lucene/">here</a>
                    . After choosing your mirror, navigate to the archive section via the java link.
                </p>
            </section>

        </section>

    </body>
</document>
