<?xml version="1.0"?>
<document>
	<header>
        <title>	Apache Lucene - Who We Are</title>
	</header>
<properties>
<author email="husted@apache.org">Ted Husted</author>
<author email="cutting@apache.org">Doug Cutting</author>
</properties>
<body>

<p>Lucene is maintained by a team of volunteer developers.</p>

<section id="core"><title>Core Committers</title>
<ul>
<li><b>Michael Busch</b> (buschmi@...) </li>
<li><b><a href="http://blog.lucene.com/">Doug Cutting</a></b> (cutting@...)</li>
<li><b><a href="http://www.jroller.com/page/otis">Otis Gospodnetic</a></b> (otis@...)</li>
<li><b>Erik Hatcher</b> (ehatcher@...)</li>
<li><b>Chris Hostetter</b> (hossman@...)</li>
<li><b><a href="http://people.apache.org/list_I.html#gsingers">Grant Ingersoll</a></b> (gsingers@...) </li>
<li><b>Mike McCandless</b> (mikemccand@...) </li>
<li><b>Bernhard Messer</b> (bmesser@...)</li>
<li><b>Daniel Naber</b> (dnaber@...)</li>
<li><b>Yonik Seeley</b> (yonik@...)</li>
</ul>
</section>

<section id="contrib"><title>Contrib Committers</title>
<ul>
<li><b>Simon Willnauer</b> (simonw@...)</li>
<li><b>Andi Vajda</b> (vajda@...)</li>
<li><b>Wolfgang Hoschek</b> (whoschek@...)</li>
</ul>
</section>

<section id="emeritus"><title>Emeritus Committers</title>
<ul>
<li>Josh Bloch</li>
<li><b>Peter Carlson</b> (carlson@...)</li>
<li><b>Tal Dayan</b> (zapta@...)</li>
<li><b>Scott Ganyo</b> (scottganyo@...)</li>
<li><b>Brian Goetz</b> (briangoetz@...)</li>
<li><b>Christoph Goller</b> (goller@...)</li>
<li><b>Eugene Gluzberg</b> (drag0n@...)</li>
<li><b>Cory Hubert</b> (clhubert@...)</li>
<li>Ted Husted</li>
<li><b>Tim Jones</b> (tjones@...)</li>
<li><b>Dave Kor</b> (davekor@...)</li>
<li><b>Andrew C. Oliver</b> (acoliver@...)</li>
<li><b>Dmitry Serebrennikov</b> (dmitrys@...)</li>
<li><b>Jon Stevens</b> (jon at latchkey.com)</li>
<li><b>Matt Tucker</b> (mtucker@...)</li>
</ul>
</section>

<p>Note that the email addresses above end with @apache.org.</p>

</body>
</document>
