<?xml version="1.0"?>
<document>
<header>
<title>Apache Lucene - Features</title>
</header>
<body>

<section id="Features"><title>Features</title>
<p>Lucene offers powerful features through a simple API:</p>
</section>

<section id="Scalable, High-Performance Indexing"><title>Scalable, High-Performance Indexing</title>
<ul>
<li>over 20MB/minute on Pentium M 1.5GHz<br/></li>
<li>small RAM requirements -- only 1MB heap</li>
<li>incremental indexing as fast as batch indexing</li>
<li>index size roughly 20-30% the size of text indexed</li>
</ul>
</section>

<section id="Powerful, Accurate and Efficient Search Algorithms"><title>Powerful, Accurate and Efficient Search Algorithms</title>
<ul>
<li>ranked searching -- best results returned first</li>
<li>many powerful query types: phrase queries, wildcard queries, proximity
	queries, range queries and more</li>
<li>fielded searching (e.g., title, author, contents)</li>
<li>date-range searching</li>
<li>sorting by any field</li>
<li>multiple-index searching with merged results</li>
<li>allows simultaneous update and searching</li>
</ul>
</section>

<section id="Cross-Platform Solution"><title>Cross-Platform Solution</title>
<ul>
<li>Available as Open Source software under the
	<a href="http://www.apache.org/licenses/LICENSE-2.0.html">Apache License</a>
	which lets you use Lucene in both commercial and Open Source programs</li>
<li>100%-pure Java</li>
<li>Implementations <a href="http://wiki.apache.org/lucene-java/LuceneImplementations">in other
	programming languages available</a> that are index-compatible</li>
</ul>
</section>

</body>
</document>

